radius,azimuth,elevation,vr,mag
,,,V_r,Mag
4.800000371114951,-58.325010026526286,-5.0585906003017955,0.0812000036239624023,46.5
5.025000053854251,-57.940005435339586,-7.761720835236175,0.0812000036239624023,52.5
5.10000046255645,-56.220711001769516,-7.074220504047889,0.0812000036239624023,49.5
5.4000000256486596,-54.72927551176424,-2.3671890987103574,0.162400007247924805,47.5
5.4000000256486596,-54.72927551176424,-2.3671890987103574,0.0812000036239624023,51.5
5.475000498274166,-50.540605608811425,-3.0234336028823385,0.162400007247924805,50.5
5.475000273677397,-50.70550449506389,-2.566405046367342,0.0812000036239624023,54
5.550000199256788,-48.746106395091125,-0.5781233845292582,0,47
5.550000060899755,-48.4320440992863,-3.0156268675038382,0.162400007247924805,54.5
5.550000215812842,-48.415072517090465,-2.7148454850125345,0.0812000036239624023,57
5.624999908355404,-58.01082558987301,1.8085975018446423,0,62
5.625000092111661,-57.99705022087005,1.5117164133644145,0.0812000036239624023,68.5
5.700000274896469,-57.98561687366612,1.2109353910652494,0,66
5.700000303066156,-57.97040202241139,0.6132802088648479,0.162400007247924805,67
5.700000303066156,-57.97040202241139,0.6132802088648479,0.0812000036239624023,72.5
5.7750001743808195,-58.46998155185792,0.36328159422322104,0,57.5
5.775000187893282,-58.46816693893986,0.06640742319039766,0.162400007247924805,59
5.7750001743808195,-58.46998155185792,0.36328159422322104,0.0812000036239624023,64.5
5.850000566002388,-56.67360754672717,-2.124997129721695,0,48
5.85000046215229,-0.5524898670403667,-3.757808597674753,0.243600010871887207,45
5.8500004759517354,-0.12914468755255853,-3.710939793354036,0.162400007247924805,51.5
5.850000297317575,-56.031451667575695,-2.613280694280123,0.0812000036239624023,55
5.925000251833008,-0.39503597960089226,-4.562500442279984,0.243600010871887207,63
5.925000251833008,-0.39503597960089226,-4.562500442279984,0.162400007247924805,69.5
5.925000332235483,-0.45927493633610256,-3.8789079982696775,0.0812000036239624023,65
6.000000166456757,-0.6519943713396872,-2.1328109328613194,0,45.5
6.000000221277413,-0.39472701104058056,-3.960938508349396,0.243600010871887207,71.5
6.000000115075039,-0.39459074550640044,-3.664064499251075,0.162400007247924805,78
5.999999899649302,-0.39446358619804656,-3.3632833149047094,0.0812000036239624023,73
6.075000186653029,-54.70049798409502,1.8085973605377228,0,47
6.075000423437118,-0.3086466658481132,-4.074217215326282,0.243600010871887207,68
6.07500038245354,-0.12914468755255779,-3.7109395367437705,0.162400007247924805,75
6.075000528116063,-0.12910250619744348,-3.410158796392429,0.0812000036239624023,70
6.150000088042727,3.0291722722245757,-5.421874970383342,0.243600010871887207,61.5
6.150000164145098,3.027722543605346,-5.125000784150573,0.162400007247924805,68.5
6.150000122898723,3.0697587367737955,-4.878902392403826,0.0812000036239624023,63.5
6.225000509206778,-51.21402347468847,1.7617219201231629,0,54
6.225000189256288,3.6827240057394475,-5.0781252285195535,0.243600010871887207,62.5
6.2250004032020625,3.81160674082075,-4.945311840464238,0.162400007247924805,69.5
6.225000467321013,3.678044693344876,-4.179688954045632,0.0812000036239624023,64.5
6.300000178554688,-51.62103570787256,1.2109354793566594,0,52.5
6.300000105105086,4.6097261020381595,-5.675780373419137,0.243600010871887207,56
6.299999948021934,4.607380798192071,-5.37499971791746,0.162400007247924805,63
6.300000432889441,-51.653750028808865,2.1054714470683,0.0812000036239624023,61
6.375000499758534,-6.861521195495955,-7.898440515195651,0.243600010871887207,50
6.375000431194184,-6.866641342801831,-8.199221562451743,0.162400007247924805,57
6.525000048290149,2.019479854188245,0.35546786045387285,0.243600010871887207,51
6.525000238532347,2.019571865089978,0.6523420160062751,0.162400007247924805,57.5
6.524999941952124,-40.40716361454977,-2.0742148126921895,0.0812000036239624023,54
6.600000243148696,-1.2244245074534794,0.4023434435232898,0.243600010871887207,52.5
6.600000184269487,-1.1815016867747608,0.6445351276075592,0.162400007247924805,59.5
6.675000095992281,-1.6050401988781307,2.0898440316307694,0.243600010871887207,53
6.675000261493044,-1.526400884355067,2.28516020688172,0.162400007247924805,59.5
6.675000227856682,-43.88014902666959,0.11718987978390943,0.0812000036239624023,56.5
6.750000592348405,-38.019312942964085,-3.652343668164768,0.162400007247924805,54.5
6.825000111112598,-37.88764787374157,-3.167967214058427,0.162400007247924805,58
6.825000327177773,-37.87531126057245,-2.8671860315473525,0.0812000036239624023,57.5
6.975000491390892,-39.40225806365704,-1.8789055945643856,0.0812000036239624023,51.5
7.050000460163265,-34.963096642809084,-5.468750411858468,0.0812000036239624023,54
7.125000485606627,-36.76067130850243,-3.765622562386586,0.162400007247924805,52.5
7.125000392508548,-36.82873236242692,-3.6914056604210432,0.0812000036239624023,51.5
7.200000120648761,-39.38872014103425,-1.2812504412559846,0.162400007247924805,53.5
7.200000006065172,-39.39480524261992,-1.5781246544371286,0.0812000036239624023,53.5
7.275000092457724,-38.05887684825257,-2.6718768811457925,0.162400007247924805,55
7.275000045246915,-37.86434905676205,-2.5703120414486484,0.0812000036239624023,55
7.35000006774413,-39.258901863165455,-3.2695322288859225,0.0812000036239624023,51
7.425000030460776,-32.8826805666222,-4.035155487563127,0.243600010871887207,48.5
7.425000180924573,-32.68018007041179,-4.269532982263465,0.162400007247924805,59
7.425000114235867,-32.6664619523229,-3.9726522297441758,0.0812000036239624023,57.5
7.50000060927784,-36.3421490783785,-2.9726578907244403,0.162400007247924805,55
7.500000498553033,-37.047214324600766,-0.6835951650748415,0.0812000036239624023,54.5
7.575000090030357,2.342014971761009,-0.6601539595356051,0.243600010871887207,50
7.574999963502622,-31.9169706569301,-3.26953232551048,0.0812000036239624023,55
7.650000208396987,-37.28057518068883,1.3359415073761036,0,48
7.649999995612211,-37.4313808729739,-0.2851560786965895,0.243600010871887207,50.5
7.64999991175123,-37.43637214489046,0.9101544102148473,0.162400007247924805,63
7.650000160511428,-37.44594989841168,1.5039094444012453,0.0812000036239624023,62.5
7.725000447366532,-37.445949898411676,1.5039094766464605,0,61
7.725000319055268,-37.27001502724713,0.44140529556375174,0.243600010871887207,64
7.725000147995202,-37.27238028849178,0.7421863337365917,0.162400007247924805,76.5
7.7250003054680985,-37.440571462991066,1.207028528495903,0.0812000036239624023,76
7.80000025732184,-37.44594989841168,1.5039094907473494,0,60.5
7.8000001811714075,-37.597365726324895,0.777341333752877,0.243600010871887207,63
7.800000337497864,-37.60111566442799,1.0781223533561064,0.162400007247924805,75.5
7.800000070283679,-37.60601295812331,1.375003401711443,0.0812000036239624023,75
8.025000383266404,-35.183096037465134,-2.074214762427269,0.162400007247924805,54.5
8.02500054301064,-35.17003844995359,-1.4765595770955984,0.0812000036239624023,53
8.100000429190256,-34.41665717357892,0.41406403738043296,0.162400007247924805,50.5
8.100000545827246,-34.38176323562773,0.3750021987302011,0.0812000036239624023,49
8.175000368780223,-28.6190736403697,-7.871091445550407,0.243600010871887207,46.5
8.175000167203951,-28.535473906212626,-6.667968074705818,0.162400007247924805,57
8.175000140330297,-28.600890842641483,-6.265621887165312,0.0812000036239624023,54.5
8.250000010063228,-30.152100847998906,-3.765622552795761,0.162400007247924805,62.5
8.249999901413405,-30.215689959424438,-3.6914055589165287,0.0812000036239624023,60.5
8.32500074444331,-29.251192519826333,-3.2734389877344054,0.243600010871887207,54.5
8.325000909397513,-29.769214986625826,-2.9726578176849396,0.162400007247924805,64.5
8.325000900682298,-29.75325493398908,-2.3749959173192043,0.0812000036239624023,62.5
8.400000584515539,-29.21992478799548,-2.0781217591330856,0,45
8.400000534720812,-28.555584069860885,-4.4101533005643665,0.243600010871887207,56
8.400000487557335,-28.5435478202336,-4.11327882653603,0.162400007247924805,66
8.400000735712634,-28.73621630283267,-3.5703132388326813,0.0812000036239624023,63.5
8.475000535202188,-29.41153779333733,-4.644531145349996,0.243600010871887207,50.5
8.475000507869847,-29.1324432768887,-4.664058569165582,0.162400007247924805,60.5
8.475000075047603,-29.385949259888662,-4.046876240706837,0.0812000036239624023,58
8.550000411504008,-27.685439485118028,3.2929682195668266,0.162400007247924805,50
8.624999725520512,-29.20285652541192,0.9062474179289111,0.162400007247924805,53
8.62500021467733,-29.308142348704422,0.730472519765371,0.0812000036239624023,50.5
8.700000488602047,-0.9165877163156269,0.8984406956677173,0.243600010871887207,46.5
8.775000491009955,-27.379184037841615,0.6093733483794547,0.162400007247924805,56.5
8.775000724457731,-27.34323131240838,1.1562528174589084,0.0812000036239624023,54
8.925000135564861,-27.289538352573828,-0.3906210125672611,0.243600010871887207,47
8.925000079772277,-27.22524908895527,0.4296915116711552,0.162400007247924805,56.5
8.92500010937781,-27.294315389528148,1.1015636547696226,0.0812000036239624023,54
9.00000018148634,-27.120223086880447,0.30859225463715745,0.162400007247924805,51.5
8.99999993780011,-26.817738111270856,0.8515649857290251,0.0812000036239624023,49
9.075000914447925,-31.287853309144264,5.191405334772721,0.162400007247924805,48
9.075001152278633,-31.323028173773643,5.792967847433818,0.0812000036239624023,46.5
9.15000041812761,-25.587206584684896,0.6054664551074577,0.243600010871887207,48.5
9.150000594261925,-25.295370140103596,0.8593786682755725,0.162400007247924805,57.5
9.150000731143852,-25.29783801107466,1.1562528731730275,0.0812000036239624023,54.5
9.225000144239232,-25.991257356782604,-0.10937433415799361,0.243600010871887207,47.5
9.225000292623214,-26.26343170475757,0.5039083599647635,0.162400007247924805,57
9.225000297336338,-26.267564108965203,1.1015636413182963,0.0812000036239624023,54
9.375000207189895,-23.36047987415376,1.5390643680744736,0.243600010871887207,45
9.374999971484685,-23.18212983058335,1.6210950314395811,0.162400007247924805,54.5
9.375000093994357,-23.328829911825036,1.5000026405957145,0.0812000036239624023,51
9.450000597871227,-23.582441399421416,1.8007837215498164,0.243600010871887207,51.5
9.450000986512947,-23.592007304300576,2.3984389698575,0.0812000036239624023,57
9.525000655473365,-23.862935610825037,0.9531231117579567,0.243600010871887207,50
9.525000458546916,-23.83725447478021,2.0976579796898513,0.0812000036239624023,55.5
9.82500067325339,-23.239175277471208,1.1015636168800114,0.162400007247924805,51.5
9.900000580270786,-25.294978316683633,3.4882842879705582,0.162400007247924805,52.5
9.975000510711938,-54.73157556962538,2.406252703226051,0,63
9.975000585584727,-54.24236125761549,1.7617218132887122,0.162400007247924805,66.5
9.975000510711938,-54.73157556962538,2.406252703226051,0.0812000036239624023,70.5
10.050000308645577,-54.688200375120374,1.5078164248496444,0.162400007247924805,68.5
10.124999821021499,-22.723769598061878,1.6679706633168196,0.243600010871887207,48
10.125000096218429,-52.070676732570526,3.843748113387141,0.0812000036239624023,61
10.200000793283873,-54.664832664190925,0.6132802025868557,0,54
10.200000614877304,-22.24793686385321,1.3984378516339528,0.243600010871887207,49
10.200000533301559,-22.44086355475201,1.3320346798588254,0.162400007247924805,58
10.200000644859271,-55.06868710257811,0.9140612420091077,0.0812000036239624023,61.5
10.27500026595137,-22.242662592741173,-0.6914088932753896,0.243600010871887207,50
10.27500026595137,-22.242662592741173,-0.6914088932753896,0.162400007247924805,58.5
10.275000736828417,-22.372530713212303,0.06640742274711886,0.0812000036239624023,55
10.35000056734499,-1.1829773514765585,-2.933595801305011,0.324800014495849609,45
10.35000009672573,-21.257598397133584,-0.9882830824388716,0.243600010871887207,47.5
10.350000576349197,-26.73352669949248,5.386721554206033,0.0812000036239624023,53.5
10.425000067696581,-27.46419223785128,5.621092502485393,0.243600010871887207,48.5
10.425000632000975,-27.61921746978529,5.792967522867606,0.162400007247924805,57
10.425000329521442,-27.44545185971992,5.8828118447297015,0.0812000036239624023,54.5
10.575000424980503,-20.399595837064957,-3.5742200742933967,0.162400007247924805,51.5
10.575000884324663,-20.245098244635926,-3.152339675868825,0.0812000036239624023,48
10.650000777674116,-20.741214522194518,0.4765602644186923,0.243600010871887207,52
10.650000466381261,-20.46859569252847,1.0351536396967658,0.162400007247924805,60
10.650000679301574,-20.6101061129564,1.5000027062138526,0.0812000036239624023,56.5
10.725000749101815,-20.434231951792864,3.050783412580837,0.243600010871887207,50
10.725000183901802,-20.306972856391145,3.187503319715475,0.162400007247924805,58
10.725000180512462,-20.510323776656737,3.722655442820887,0.0812000036239624023,54.5
10.950000911907969,-21.19638160000174,1.0234399042522646,0.162400007247924805,49
10.950001155417853,-21.604800116654264,2.3945319268049,0.0812000036239624023,45.5
11.02500067643323,-19.966321344773075,-1.9765635633330183,0.162400007247924805,52
11.025000484011983,-19.957647152588375,-1.0820274092030415,0.0812000036239624023,48.5
11.100000605316566,-20.35846272745082,0.30859226774767295,0.162400007247924805,54
11.100000167711181,-41.00411569937425,1.8046905115572327,0.0812000036239624023,53.5
11.17500034932116,-41.425974373982,2.207029585257189,0.0812000036239624023,55.5
11.32500061491558,-42.410024742463285,1.9726584349060223,0,47.5
11.325000453609183,-42.65099411133961,1.9062487719957193,0.162400007247924805,59
11.325000960620471,-42.42021019511936,2.27343962020606,0.0812000036239624023,60
11.400000727080204,-43.100351670124184,2.8984358583745413,0,55
11.400000557372508,-43.08684530939039,2.5976548221110587,0.243600010871887207,51
11.400000292267967,-42.7715740047652,2.0195342038606428,0.162400007247924805,66.5
11.40000075355028,-42.87318719611607,2.402345728082353,0.0812000036239624023,67.5
11.47500024711815,-43.12522132820075,2.0585959431338194,0,57.5
11.475000662359582,-43.101586066023735,1.160159758037072,0.243600010871887207,53.5
11.475000628993957,-43.05544341611614,1.7031256419977752,0.162400007247924805,68.5
11.475000538428386,-43.115835671323396,1.7578150259400367,0.0812000036239624023,69.5
11.550000077260675,-43.15155450323929,1.2070285660034727,0,57
11.550000225071718,-43.142712300564575,0.613280191587915,0.243600010871887207,53
11.550000332371996,-43.096680714432594,0.8632787363660253,0.162400007247924805,68
11.550000019729024,-43.10802848006022,1.4609407628343951,0.0812000036239624023,69
11.624999885578607,-43.466479882299176,1.2070285167948198,0.0812000036239624023,62
11.7000010126751,-58.728221700750936,-5.085938599400865,0.0812000036239624023,47
11.775000390030591,-44.928586655604285,1.375003332983061,0.162400007247924805,54.5
11.775000418941357,-44.94601327503438,1.972658525657576,0.0812000036239624023,56
11.850000227179653,-44.94601327503439,1.9726585185475631,0.162400007247924805,53.5
11.850000099458503,-44.99962310246807,3.16796911995343,0.0812000036239624023,55
11.925000263388835,-23.223957015127212,3.7148416750093407,0.162400007247924805,50.5
11.925000004249325,-23.314086215626844,2.9492186854615596,0.0812000036239624023,47.5
11.999999981084517,-23.34604128150473,4.144529137870548,0.162400007247924805,50
12.000000018358053,-61.13519128833525,-0.5781233524800444,0.0812000036239624023,50.5
12.075000939665516,-58.97155707322453,0.6992176150185857,0,53.5
12.07500050990879,-58.96681651345626,0.40234346646476904,0.0812000036239624023,59
12.150000865531187,-58.55283431681744,0.41797091992695407,0,55.5
12.150000542463225,-17.426665490752526,-2.128904145098674,0.243600010871887207,47
12.150000317591806,-58.96681651345626,0.4023434594077977,0.0812000036239624023,61.5
12.225000082965444,-18.533723706027775,-5.011715314590298,0.162400007247924805,50
12.300000058078407,0.0,-0.593750847562463,0.243600010871887207,56
12.30000037208536,-0.128877465424176,-0.42578283639082065,0.162400007247924805,62.5
12.300000529998876,-0.1288742313681274,-0.12890867028434266,0.0812000036239624023,57
12.375000633198336,0.0,-0.8945319423342362,0.243600010871887207,60.5
12.375001295006982,-0.12887423136812723,-0.12890867018422725,0.162400007247924805,67
12.375001025427656,-0.12887446181537118,0.1679723265266116,0.0812000036239624023,62
12.450000923899411,-0.6528489443650723,-3.6250024083776458,0.0812000036239624023,52
12.525000482837351,1.3770491352950653,3.28515466713328,0.243600010871887207,68.5
12.525000482837351,1.3770491352950653,3.28515466713328,0.162400007247924805,75
12.525000860739702,1.3774773436882486,3.582028578489237,0.0812000036239624023,70
12.60000054769363,1.2262870836062205,3.183596590109774,0.243600010871887207,71.5
12.60000016974708,1.226657162895413,3.4804708223813305,0.162400007247924805,78
12.600000313999619,1.1840799627972778,3.8359410290603626,0.0812000036239624023,73
12.675000405518634,0.18636477253448586,2.7421885710105807,0.243600010871887207,62
12.674999975749417,0.30843557557494916,3.4804706735451996,0.162400007247924805,68
12.6749998418417,0.18659181938267783,3.9374993652155674,0.0812000036239624023,63
12.750000502288831,-52.926241899500795,3.3554713844783333,0,52
12.75000073914828,2.145193985545239,3.480470801480869,0.243600010871887207,56.5
12.750000820717688,2.144538500900095,3.1796897782941835,0.162400007247924805,63
12.750000798890309,-53.23241720423652,3.3007820206391805,0.0812000036239624023,60.5
12.825000788603163,-52.656090351251905,2.3007808824664764,0,55.5
12.825001040172618,-52.62872241286932,1.7031257304089897,0.162400007247924805,60
12.825001051510238,-52.96552083262735,2.535158633075377,0.0812000036239624023,64
12.900000547093127,-52.36536346376073,1.2109354434043738,0,47.5
12.900000610584124,-52.35302563113299,0.6132802037360258,0.162400007247924805,52
12.900000422751086,-52.358224467339795,0.9140612094928039,0.0812000036239624023,56
13.125000906001487,-47.39231558614766,-1.4765595896767794,0.162400007247924805,48
13.125000697938775,-47.19869784821475,-1.3437466044640516,0.0812000036239624023,50.5
13.27500035125123,-50.502125858526036,2.3476564302664578,0,52.5
13.275001048573456,-18.673571371913038,2.394531984193986,0.243600010871887207,53
13.27500058384131,-18.817113346961193,2.8632810442980565,0.162400007247924805,61.5
13.275000533857495,-49.89872304201396,1.8632800522512691,0.0812000036239624023,62
13.35000016400002,-19.689610512638993,4.488278559835963,0.243600010871887207,54.5
13.350000451500886,-19.698228379248867,4.7851597704465645,0.162400007247924805,63
13.425000742889344,-20.27894104365261,5.468752154593882,0.243600010871887207,52.5
13.425000450328904,-20.207078848682414,5.38672186268713,0.162400007247924805,61
13.425000132829533,-20.21781482324749,5.6875027874898825,0.0812000036239624023,57.5
13.50000077976365,-19.6739510665763,3.8906236626467776,0.162400007247924805,54
13.50000096600991,-19.33746998563249,3.488284381005288,0.0812000036239624023,50.5
13.575000654687608,-15.14941265587265,-1.0820274849705263,0.162400007247924805,50.5
13.57500055933551,-15.403455363584834,-1.3632810003247615,0.0812000036239624023,46
13.65000053101746,-15.191814215659829,-4.367184528549705,0.162400007247924805,48
13.725000437026663,-15.53477562563692,-3.6210954735283845,0.162400007247924805,49.5
13.800000362145665,-15.520993238084893,-2.7265594552086396,0.243600010871887207,47
13.800000194903324,-15.78590108869187,-1.7812475811411068,0.162400007247924805,54
13.800000194903324,-15.78590108869187,-1.7812475811411068,0.0812000036239624023,50
13.875000971367108,-15.51723550268154,-2.4257783280934575,0.243600010871887207,45.5
13.87500062024578,-15.795797635936355,-2.6796838367439433,0.162400007247924805,52.5
13.875001029356989,-44.85736237818559,5.562503829161681,0.0812000036239624023,51
13.95000045945441,-44.38161715141072,6.527343053910477,0.162400007247924805,47.5
13.95000053193333,-44.63735842335778,7.550785079040431,0.0812000036239624023,49.5
14.025000885193323,-14.831197492931375,-1.1874992039552228,0.162400007247924805,48.5
14.100000280520606,-2.754894507663726,3.28515464277408,0.162400007247924805,48
14.174999856350798,-2.1490382142573083,4.882811249430792,0.162400007247924805,46
14.325000754720381,-15.407832988518951,1.917969212441092,0.162400007247924805,50
14.475000143254743,-53.714690628948,2.8046849166062846,0.0812000036239624023,47.5
14.550000185873827,-53.51882746512829,2.9453117571617167,0,46
14.549999705686757,-53.940909655033884,8.39843902332208,0.162400007247924805,48.5
14.55000026983369,-53.68612286163329,5.562503818418319,0.0812000036239624023,53
14.775000954110029,-17.96341038984541,3.2929682465840666,0.0812000036239624023,45.5
14.85000030372913,-18.193174323317514,5.019531069824397,0.243600010871887207,47
14.85000045709792,-17.997608762665035,4.785159665745909,0.162400007247924805,55
14.850000143181855,-17.989788657351056,4.4882787376041,0.0812000036239624023,51
15.075000588336657,-54.67048950373877,0.9140612212277626,0,48.5
15.075000176602817,-54.161471526618485,-1.5781246532091877,0.162400007247924805,52.5
15.07500074032698,-54.66020843698491,0.019531836113431063,0.0812000036239624023,56.5
15.150000489788942,-56.54703467616748,1.6796912903771937,0,55
15.150000525460484,-0.6874930328209055,1.1953147654636807,0.243600010871887207,47
15.150000617341593,-56.281868328710615,0.6132802261227905,0.162400007247924805,57
15.150000396645442,-56.287877723904636,0.9140612004436245,0.0812000036239624023,62
15.225000630525045,-57.997050220870065,1.511716376252641,0,53
15.225000791279996,-0.9167858903935442,1.492188881825138,0.243600010871887207,53
15.22500016503976,-0.6878009264139651,2.0898439974208736,0.162400007247924805,58.5
15.225000525488227,-57.601576292628096,0.949216271080239,0.0812000036239624023,60
15.300000602319853,-0.9167858903935446,1.4921888467423254,0.243600010871887207,49
15.525000672488506,-25.13004842310837,7.29296653970505,0.243600010871887207,46
15.525000884518134,-24.970688347197125,9.902344770156384,0.162400007247924805,55.5
15.525000026215647,-25.133581902379753,11.726565510582338,0.0812000036239624023,52.5
15.600000764207278,-25.582310517575593,8.343749512289016,0.162400007247924805,52
15.600000250263987,-25.670959715902463,10.101560620829746,0.0812000036239624023,48.5
15.67499976214088,-24.40300322136705,-2.9179688143095883,0.162400007247924805,47.5
15.75000112558599,-54.39863296852723,4.6914086086517,0.0812000036239624023,47.5
15.825000630526986,-1.5271198127752492,2.882815475544521,0.162400007247924805,47
15.825000910428555,-53.769775418113966,0.5312496062319134,0.0812000036239624023,46.5
15.90000100057438,-0.4583782746782511,1.492188935856575,0.162400007247924805,50.5
15.975000362021081,43.124802315857295,3.3749988915583495,0,45.5
15.975000248928916,43.16076699457754,3.9726538848551787,0.162400007247924805,56.5
15.975000195265476,43.141928562467214,3.6718734836202818,0.0812000036239624023,57.5
16.050001417352203,43.216284191532054,3.9179716835397453,0.243600010871887207,56.5
16.050001276385647,43.28217704699966,4.167969979895407,0.162400007247924805,72
16.05000124459691,43.303575321021285,4.468751222135206,0.0812000036239624023,73
16.12499967630584,43.26253896644361,3.8710960575506266,0.162400007247924805,73.5
16.200001051378056,43.18581265805295,2.374997656786618,0,56
16.200001051378056,43.50111759610301,2.374997656786618,0.162400007247924805,66.5
16.200001051378056,43.50111759610301,2.374997656786618,0.0812000036239624023,67.5
16.27500188295119,43.25771789125912,4.515626825003567,0,51
16.275001665062803,42.967438875971084,4.167970238703695,0.243600010871887207,46.5
16.275001705106497,43.03166746618316,4.101560283797783,0.162400007247924805,61.5
16.275001621997475,42.98860276464586,4.468750975568905,0.0812000036239624023,62.5
16.34999966785495,43.35995804808237,8.070310153342467,0,46
16.350000015076112,-16.268764047744952,8.191409484255475,0.162400007247924805,58
16.35000079953601,43.46677739069992,7.269531945892202,0.0812000036239624023,57
16.425000871393802,43.16906302552356,8.972660006552411,0.0812000036239624023,49.5
16.57500130252507,-13.579179827645302,2.5898412271350657,0.162400007247924805,45
17.474999898016442,60.19615892595336,-0.312497338304097,0.0812000036239624023,50.5
17.550001260238467,60.558896537069494,-1.4218771518287794,0.0812000036239624023,46.5
17.625000084919368,59.14127324265722,3.484377717117586,0.0812000036239624023,45
17.700000419867557,60.953179828086824,3.4999983208756604,0.0812000036239624023,47
17.775001694624336,60.599571486140576,2.1562540078799772,0.0812000036239624023,47
17.92500105415858,60.11947037650165,-0.8554700602722106,0.0812000036239624023,47
17.9999996255306,60.37993016012281,-1.3124984756269908,0,46
17.99999986380612,59.997114888222534,-0.4804653311410069,0.0812000036239624023,51.5
18.075000474197406,60.55225317781746,1.2617178945080083,0.0812000036239624023,47.5
18.300001291186568,60.680504839187684,1.1796873530088057,0,47.5
18.300000690375942,60.53195224446519,-0.527340904524692,0.162400007247924805,47
18.300000721658186,60.19983213656286,0.5820320540004363,0.0812000036239624023,53
18.37500030455905,60.538245801394,-0.8281219759240923,0,53.5
18.37500027008139,60.5735273890134,-1.7226581336584719,0.162400007247924805,53
18.37500030455905,60.538245801394,-0.8281219759240923,0.0812000036239624023,59
18.450000871215057,60.753303213978285,-3.8124981375624105,0,49
18.450001115170515,61.3308652055142,-5.515625896205008,0.162400007247924805,48
18.450001515715194,60.60025109435931,-4.000000146685157,0.0812000036239624023,54
18.525001327836254,-40.715328343131105,0.3515609814244437,0.162400007247924805,49.5
18.60000081735792,-23.196289139636406,8.796878015382827,0.162400007247924805,47.5
18.59999997540831,60.527733698194744,0.07031429638605986,0.0812000036239624023,46.5
18.675000983738432,-41.98553546204077,4.988282904421957,0.162400007247924805,58
18.675000983738432,-41.98553546204077,4.988282904421957,0.0812000036239624023,58.5
18.74999975004418,-41.154295268070925,4.792966844498351,0.162400007247924805,62
18.825000520431107,59.738139908285355,0.2851578935810328,0,46
18.825000297560308,-11.305001288588272,-1.7851543582721892,0.243600010871887207,49.5
18.825000929559213,-11.473593142251048,-1.8671849015598387,0.162400007247924805,56
18.825000710472768,59.76955522777095,1.476561468243846,0.0812000036239624023,51.5
18.900001782559052,61.067605905192444,-0.8632837479712483,0,46.5
18.900001085567144,-11.329915954654046,-4.1757821213043425,0.243600010871887207,52
18.900001850298793,-40.185682611564616,1.0117192254885259,0.0812000036239624023,60
18.975000531370092,-38.239112417094034,4.015622958736802,0.162400007247924805,58
18.97500012820189,-38.754678062636465,4.792966833243228,0.0812000036239624023,57.5
19.05000192236676,-38.62481121338778,2.1015648140812924,0,49.5
19.124999750727117,-39.39048554159707,5.390628793298629,0.162400007247924805,55
19.125000607415213,-39.43975610456539,5.992190202840033,0.0812000036239624023,54.5
19.200000812003527,0.30800024784271135,1.6874982244128465,0.162400007247924805,46
19.275001155349333,-35.45758490439712,1.804690573753826,0.243600010871887207,45.5
19.275001155349333,-35.45758490439712,1.804690573753826,0.162400007247924805,57
19.275002311635212,-35.46479345092943,2.1015647015028445,0.0812000036239624023,56
19.350000666719573,-35.29034771203573,1.335941425044012,0,48.5
19.35000057088092,-35.64003606745525,0.22656170893418792,0.243600010871887207,53
19.349999907252847,-35.64145635164274,0.5273427921130492,0.162400007247924805,64.5
19.349999776127717,-35.53721976303882,0.7109382262280954,0.0812000036239624023,63.5
19.425000829926546,-35.54585579576209,-1.3750016183067584,0,45.5
19.42500090816961,-35.66135969278126,-1.8593713673559842,0.243600010871887207,50.5
19.425001074276445,-35.45089177485329,-1.4765596380856876,0.162400007247924805,62.5
19.425001286715926,-35.44599119588079,-1.1796854201866105,0.0812000036239624023,61.5
19.500000128496126,-34.94159072960562,-1.4218771277897737,0.162400007247924805,57
19.499999749524424,-34.9334067041767,-0.8242151047419556,0.0812000036239624023,56
19.575000892051644,-34.94159072960562,-1.4218771421579153,0.0812000036239624023,56.5
19.72500022447229,-35.03834918897838,2.5312520348393495,0.162400007247924805,56.5
19.72500022447229,-35.03834918897838,2.5312520348393495,0.0812000036239624023,56
19.80000076801475,-33.17988367929269,-1.5351558278005808,0.162400007247924805,54
19.80000076801475,-33.17988367929269,-1.5351558278005808,0.0812000036239624023,52.5
19.874999566102275,-32.722823381349,0.07031429295649237,0.243600010871887207,49.5
19.87500029361959,-32.800939116905695,1.335941502972648,0.162400007247924805,61
19.874999969049984,-32.80597000790221,1.6367225177582558,0.0812000036239624023,59.5
19.95000033875147,-32.18575503387672,3.867189138335247,0.162400007247924805,56.5
19.9500010619429,-32.198874014908455,4.164063162497049,0.0812000036239624023,55
20.100000444483953,42.73597507068232,3.7656242200742187,0.162400007247924805,54.5
20.100000722496496,42.451679030742326,3.7382828699191473,0.0812000036239624023,56
20.17500149273746,42.40893497003539,5.066406316267091,0,60
20.17500074453046,42.32373297830252,3.8710962722422577,0.243600010871887207,56
20.175001268181983,42.363441564207484,4.468751143495598,0.162400007247924805,71
20.175001196640718,42.38531482976015,4.765625097153762,0.0812000036239624023,72
20.249999648848032,42.22340641218685,4.933593665466648,0,63
20.249999596869312,42.32373297830252,3.8710961984210353,0.243600010871887207,59
20.250000171548454,42.342735863613946,4.167970175429832,0.162400007247924805,74.5
20.250000120847606,42.363441564207484,4.46875102093487,0.0812000036239624023,75
20.325000423436936,42.17947086540137,4.335938054937257,0,56.5
20.32500101862801,42.09476688775608,2.8437535546417236,0.243600010871887207,52.5
20.32500110528121,42.1412743840497,3.7382827619507197,0.162400007247924805,68
20.325000773706908,42.15978193467661,4.03906374225906,0.0812000036239624023,69
20.400001512399033,42.28977332150275,3.27344055147823,0.162400007247924805,51
20.400002114091553,42.12442541387923,3.441408599219383,0.0812000036239624023,52
20.475001266237456,-30.2507686183355,5.792968022345855,0.162400007247924805,56.5
20.474999798089268,-30.19735699216992,5.734378618549241,0.0812000036239624023,54
20.55000101100017,-29.9429398930135,6.589845913104282,0.243600010871887207,46
20.55000101100017,-29.9429398930135,6.589845913104282,0.162400007247924805,56.5
20.55000101100017,-29.9429398930135,6.589845913104282,0.0812000036239624023,54.5
20.624999693480575,-29.43648132911199,6.054686855162267,0.243600010871887207,45.5
20.624999994311363,-29.69740075024937,6.890627265255414,0.162400007247924805,55.5
20.624999994311363,-29.69740075024937,6.890627265255414,0.0812000036239624023,53
20.7000011306421,-29.904779585419785,5.988283418133049,0.162400007247924805,49
20.700000677894536,-29.88709931374935,5.687502905308925,0.0812000036239624023,46
20.850000597070814,-29.277275214007595,8.941404484857895,0.162400007247924805,49.5
20.850000344791933,-29.46063233158435,9.402346975024331,0.0812000036239624023,47.5
20.9999998698847,-27.575017500818994,6.589846059887385,0.162400007247924805,51
20.999999721815275,-27.593342638727957,6.886720598449441,0.0812000036239624023,48.5
21.150001881514484,-27.38131018307264,8.6093757576386,0.162400007247924805,47
21.75000022210486,63.9370725741766,1.6054676611233734,0,50
21.749999359515044,63.921643396645806,1.3085935543186271,0.162400007247924805,46
21.75000022210486,63.9370725741766,1.6054676611233734,0.0812000036239624023,54
21.825001093542287,63.977737427999735,2.203122749654916,0,49.5
21.82500091201402,64.27899023894915,2.9687528279412216,0.162400007247924805,46
21.825000166190662,63.95593708045369,1.906248722913606,0.0812000036239624023,53.5
21.975000708380946,-8.591273473025325,1.5976539534128644,0.162400007247924805,49
22.05000132813287,-9.336102224892532,1.0664086047021137,0.243600010871887207,64
22.050001157676604,-9.337152683014594,1.3671897084767162,0.162400007247924805,71
22.050000659562826,-9.521186444469967,1.8984350251951843,0.0812000036239624023,66
22.124999631511347,-9.516153244519504,0.406250328300449,0.243600010871887207,68.5
22.124999821239694,-9.33479133493922,0.4726602823118469,0.162400007247924805,75.5
22.124999302037242,-9.437237040069272,0.8984406470494496,0.0812000036239624023,71
22.200000126866566,-9.442356666398657,-2.0820286180872905,0.243600010871887207,62.5
22.200000035776252,-9.520059877268526,-1.6835963831203888,0.162400007247924805,69
22.200001258188987,-9.438111267242919,-1.1874991819827743,0.0812000036239624023,64.5
22.3500002823801,-18.683076885093048,2.992187249729485,0.162400007247924805,47.5
22.350001054748628,-18.822436080139067,3.1601551423922714,0.0812000036239624023,46.5
22.425000796469917,-18.878997445312752,2.93749796795778,0.162400007247924805,47
22.425000588753804,-18.89709963042303,3.832034101269718,0.0812000036239624023,46
23.24999974200606,-12.007223715423041,1.7968768151761771,0.243600010871887207,47
23.24999962868168,-12.280899123306478,2.140626579731597,0.162400007247924805,54.5
23.324999817723725,-12.390594892240053,2.87109494551793,0.243600010871887207,52
23.325000332450184,-12.64401749727152,3.1875032838297406,0.162400007247924805,59
23.325000733927656,-12.558239130915949,3.3749988659434442,0.0812000036239624023,54.5
23.400001766507827,-12.411336821141479,4.363279625241604,0.243600010871887207,46.5
23.400001829819733,-12.656771509129454,4.082032714196498,0.162400007247924805,53.5
23.40000134529751,-12.652188369920815,3.7851586003982693,0.0812000036239624023,49
24.000000108471827,-52.01040798924666,-1.7734338395142868,0.162400007247924805,48
23.999999556588886,-51.976602037205,-1.8007818847146573,0.0812000036239624023,50
24.300001326848808,-12.27671592375679,1.542971408468318,0.243600010871887207,53.5
24.300001326848808,-12.27671592375679,1.542971408468318,0.162400007247924805,60.5
24.300001390887154,-12.321050047811205,1.601560647333016,0.0812000036239624023,56
24.37500246413455,-12.272993185729815,0.6484351583571687,0.243600010871887207,56.5
24.375001684889476,-12.472877431504932,1.1992216850101447,0.162400007247924805,64
24.37500198154858,-12.318081883034822,1.003905482835419,0.0812000036239624023,59
24.45000039370215,-12.237063814393094,-0.8906250555990836,0.243600010871887207,47.5
24.45000076861829,-12.236220801287642,-0.5898440266538828,0.162400007247924805,55
24.450001232482713,-12.272754683237071,-0.5429684005389934,0.0812000036239624023,50
24.60000031985369,-6.0739642152249065,3.7070349012545782,0.162400007247924805,50
24.600000204825125,-5.516183891559382,3.2851546216495593,0.0812000036239624023,46
24.675001700021014,-6.674562980603296,3.8867166101926225,0.243600010871887207,45.5
24.67500044437532,-6.1686111758336795,2.644530664704304,0.162400007247924805,53
24.67500032227881,-6.065756582714136,2.2148435082014557,0.0812000036239624023,48
24.825001132300795,-6.435659465397849,2.6914061579093937,0.243600010871887207,61.5
24.82500125094642,-6.170176416974321,2.9414048854144967,0.162400007247924805,68.5
24.825000367430444,-6.1719332735532895,3.2421857542475605,0.0812000036239624023,63.5
24.90000189716498,-6.204894758874215,2.691406197501141,0.243600010871887207,62.5
24.90000201402498,-6.206496025437572,2.9882802857058937,0.162400007247924805,69
24.900001545105845,-6.173835509962071,3.5390599921771644,0.0812000036239624023,64
24.97500021320398,-6.434154136133234,2.39062529890568,0.243600010871887207,54.5
24.975000753288406,-6.43565946539785,2.69140616891704,0.162400007247924805,61.5
24.975000753288406,-6.43565946539785,2.69140616891704,0.0812000036239624023,56.5
25.050000592156316,-5.81967131437537,1.898434925756926,0.243600010871887207,54.5
25.050000381003613,-5.905475346103298,1.7109394657611097,0.162400007247924805,61
25.05000114211998,-5.740127399774997,1.7929698888550634,0.0812000036239624023,56.5
25.125001106355864,-6.445778763721802,4.183597744970841,0.243600010871887207,48
25.12500239180996,-6.034665669743792,4.250000623117672,0.162400007247924805,55.5
25.125001796060033,-6.4540092751118685,5.082033617061826,0.0812000036239624023,49.5
25.200000040819504,-53.628400710601035,-0.7734394848531055,0.162400007247924805,48
25.200000714218753,-53.50602933868684,1.2109354793566596,0.0812000036239624023,51
25.349999358388214,50.2450035988759,2.9726598197833987,0.0812000036239624023,49.5
25.425000241593327,48.06556609229479,3.3554712806973503,0,63
25.425001784019585,48.33817433369367,2.476562584343452,0.243600010871887207,52
25.425001210795045,48.014834812982826,2.457035053655368,0.162400007247924805,70.5
25.425001170947482,48.12207174206097,2.671878653722147,0.0812000036239624023,73
25.500002030961856,48.03005926036239,2.7578162023734585,0,66.5
25.50000192163575,47.97997465615467,1.5624988738689605,0.243600010871887207,55.5
25.50000211429942,48.00153816396273,2.1601541372251045,0.162400007247924805,74
25.500001974554454,48.01483481298281,2.4570350863365205,0.0812000036239624023,76
25.575000430219117,47.865725595085074,1.9726585362914701,0,57
25.575000430219117,47.865725595085074,1.9726585362914701,0.243600010871887207,46.5
25.575001297821146,47.71850463207356,0.8828130671184856,0.162400007247924805,65
25.575000367661485,47.846426678471886,1.3750033702517042,0.0812000036239624023,67
25.65000181512699,49.503901003246575,8.671878607975351,0,48.5
25.650001320974628,49.25937528248911,7.164059652594971,0.162400007247924805,55.5
25.650001096540255,49.451176465587864,8.37109135242605,0.0812000036239624023,58
25.724999902785715,49.30423327652198,7.464840796912573,0,53
25.80000110180897,49.80481432331848,8.019534070834686,0,48
25.8000015400948,49.70847683086972,7.417972457217137,0.162400007247924805,55.5
25.800000430633766,49.707287089274864,7.765629156466599,0.0812000036239624023,58
25.87500248107179,48.03447180926119,6.99609182845532,0.162400007247924805,52
25.87500248107179,48.03447180926119,6.99609182845532,0.0812000036239624023,54.5
25.950000490168737,47.78379480236989,6.5624980641955455,0,50.5
25.9500009559048,47.88536736528773,5.7968745048641095,0.162400007247924805,58
25.95000125331918,47.95605583599096,6.394530136383212,0.0812000036239624023,60.5
26.025001404919664,47.67792708266481,5.664061930359711,0,46
26.025001511660097,47.899723959514176,5.12109584122313,0.162400007247924805,52.5
26.025002300826515,47.711579432136,5.964842396051133,0.0812000036239624023,55.5
26.55000181651926,55.29660785304511,0.10546927540568969,0.0812000036239624023,45
27.900001662325035,-9.27710834464602,-7.171872028890468,0.162400007247924805,53
27.900000808026842,-9.271059346736537,-6.871090881646075,0.0812000036239624023,51
28.12500136926749,-6.123542469038794,-12.933594899071203,0.162400007247924805,50.5
28.125001091638914,-6.3486152746894104,-13.898433853230324,0.0812000036239624023,50
28.875001735701353,-49.771442100055324,-3.0703091045030346,0.162400007247924805,50.5
28.875001816992526,-50.018732244537844,-2.5390639286813275,0.0812000036239624023,52.5
29.025002406911184,-51.62877468744254,-1.472652674117579,0.162400007247924805,46.5
29.02500157023705,-51.60856253484075,-0.5781233435981792,0.0812000036239624023,48.5
29.17500072208648,-17.543116475930017,6.839844750935753,0.162400007247924805,52
29.175001878140012,-17.579653462616708,7.74218751850565,0.0812000036239624023,48.5
29.250001476518527,-17.543116475930013,6.839844629734084,0.162400007247924805,51
29.250002631237162,-17.579653462616704,7.74218734952222,0.0812000036239624023,47.5
29.40000093215945,45.54540862559807,-11.925779449711388,0.162400007247924805,46
29.40000159975283,47.7556648997605,9.37890624356558,0.0812000036239624023,48
30.375002728782604,-9.19934762874386,-9.453121238914951,0.162400007247924805,47.5
30.375002506567483,-9.352750993697729,-10.19140262264313,0.0812000036239624023,45.5
32.17500280752659,-34.118321745906584,-18.0820351834459,0.162400007247924805,47.5
32.175002660128534,-33.909541398569026,-16.75390329653753,0.0812000036239624023,47
32.25000022096446,-34.82795632095683,-16.683594111867137,0.162400007247924805,46
33.37500023803278,33.347839369902125,-2.500002069969659,0.162400007247924805,55.5
33.374999063006335,33.332727583722225,-1.9023399988301253,0.0812000036239624023,54.5
33.45000038745617,34.60680249790257,-1.2031266806608092,0,45
33.450000145094904,34.06240005711367,-1.8007818934158073,0.243600010871887207,48
33.45000107005942,34.0565403655241,-1.5000007925792938,0.0812000036239624023,59
33.52500127853176,35.54136674987268,1.0820292940808283,0,45
33.52500090768638,35.1765756380723,-1.8007819498046458,0.243600010871887207,46.5
33.525001837816504,35.550138965163654,-1.6054658068171779,0.162400007247924805,59
33.52500106784704,35.65230027487135,-1.4179702363341926,0.0812000036239624023,58.5
33.600002532438445,36.674920792281085,-1.007810628247438,0.162400007247924805,56
33.60000187101205,36.66840484489821,-0.11328119423337323,0.0812000036239624023,55.5
33.67500336455941,35.15663362150829,-0.007809411167299698,0.162400007247924805,52
33.67500263300962,35.534148600641856,-0.11328118625122521,0.0812000036239624023,51
33.7499990040808,31.213319461094184,-0.4843722409778907,0.162400007247924805,46
34.275000955852136,33.500152232099225,1.1835942163809225,0.162400007247924805,53
34.350002488460426,33.73783381615693,1.5312507901372636,0.0812000036239624023,55.5
34.42500247871479,34.05153225050176,1.183594174363297,0.162400007247924805,46
35.25000071138183,47.462285718147164,6.20703437762748,0.0812000036239624023,53.5
35.3250012677584,45.41519422595241,6.9218748338985865,0,49
35.32500024393689,45.10646731804175,6.566405088976198,0.162400007247924805,58
35.32500034291047,45.14204424825519,6.8671860698333065,0.0812000036239624023,59.5
35.400002624294366,46.01370377911012,6.312499271923046,0,46.5
35.40000175949804,45.31154450568976,6.0195318092196315,0.162400007247924805,55
35.40000195580512,45.46931137839913,5.8632843897610805,0.0812000036239624023,57
35.475001837849405,51.23516015587551,3.3710920495951067,0.0812000036239624023,47.5
35.550002050678835,45.919054504131616,7.76562894890236,0.162400007247924805,47
35.55000305001456,47.337885065536575,6.667969461376586,0.0812000036239624023,48.5
35.62499974826566,44.26722352904935,6.761720491606986,0.162400007247924805,47.5
35.625001319929964,44.565834518367026,7.468748037157273,0.0812000036239624023,49
35.85000244153031,51.14909984219906,3.445315610083712,0.0812000036239624023,45
35.925003110421486,51.309972566324014,4.269535249515045,0.0812000036239624023,47
36.00000004345814,50.587056266398825,2.6718788543168595,0.0812000036239624023,45
36.07500080279261,50.587056266398825,2.671878728545335,0.0812000036239624023,45.5
36.225001696422616,-5.835211748285711,4.5859370261869445,0.162400007247924805,47
36.30000292811386,-5.765708383108326,5.679688804321325,0.162400007247924805,51
36.300002637461546,-6.142089408310294,4.980468862568604,0.0812000036239624023,47.5
36.37500077343343,48.8699588812539,3.570314889474881,0.162400007247924805,50
36.37499908756803,49.293885543844475,3.8203135368770775,0.0812000036239624023,52.5
36.45000074996304,-5.830131659141441,-12.37890739107702,0.162400007247924805,46.5
36.52500136779781,49.28403235961967,15.917971945826249,0.162400007247924805,48
37.124999387009666,53.10919353890193,4.335938200151078,0,45.5
37.124999317787406,53.00504852067291,3.1367208395489143,0.162400007247924805,49
37.124998826047396,52.77608431088416,3.968753852200056,0.0812000036239624023,53
37.20000141795295,53.53798533050324,4.296876356448268,0,55.5
37.20000139547551,53.05304900781242,3.738282902497869,0.162400007247924805,59.5
37.20000004428156,53.079882687571555,4.035157328813173,0.0812000036239624023,63.5
37.27500242491313,53.122772553040356,5.308591326346274,0,53
37.27500084911902,53.14023168524828,4.632812130959364,0.162400007247924805,57
37.27500195795,53.40535282681953,5.0624994251163224,0.0812000036239624023,60.5
37.50000139004075,48.557072902404414,-9.300780268833002,0.162400007247924805,48.5
37.500001326098065,48.05013101766319,-8.394529483502234,0.0812000036239624023,48
37.72500217353458,-29.998777801454153,-16.316402372443267,0.162400007247924805,47
37.725003570678766,-29.873551406395237,-16.49218348027473,0.0812000036239624023,46
38.92500322889774,-5.495754081398251,-11.882810113169803,0.162400007247924805,45.5
39.82499991276327,-7.062262418198961,9.984375054648526,0.162400007247924805,49.5
39.90000070152382,-6.740454325178949,6.62890790114588,0.243600010871887207,45.5
39.9000014764426,-6.484005628575531,7.4843754790629085,0.162400007247924805,52.5
39.900001673542036,-6.75851955991222,7.832031266537641,0.0812000036239624023,48
40.575000758952754,30.686745374321838,-3.124998368014928,0.162400007247924805,51.5
40.575000758952754,30.686745374321838,-3.124998368014928,0.0812000036239624023,50
40.650000938196165,30.435784228486675,-4.570314493902075,0.162400007247924805,49.5
40.65000147347109,30.490878826080134,-3.4882823103419636,0.0812000036239624023,47.5
40.72500151334265,28.58411853329459,-3.421872620501424,0.162400007247924805,51.5
40.725001721226654,28.57475257904868,-3.121091597672724,0.0812000036239624023,49
40.80000202559601,28.617105547379147,-4.316408869398919,0.162400007247924805,53.5
40.80000323408884,28.594212512541304,-3.7187469210334343,0.0812000036239624023,51
41.02500074474322,26.513053567875748,-3.421872621728672,0.162400007247924805,52
41.02500095103882,26.504478142276678,-3.121091519111694,0.0812000036239624023,49.5
41.10000260425917,25.960726322526185,-2.7968760612410275,0.162400007247924805,53.5
41.10000238175161,26.186957482829417,-2.1796866461041557,0.0812000036239624023,51
41.17500304445331,25.9763568617691,-3.3906247560901943,0.162400007247924805,54.5
41.17500380059425,25.953957912888267,-2.496095153523916,0.0812000036239624023,52
41.32500022369273,-57.33926362714373,12.75390802103496,0.0812000036239624023,48
41.55000279354669,32.995041185667965,-2.99218529760436,0.162400007247924805,46
41.55000250129122,32.96923895169378,-2.0976559215109862,0.0812000036239624023,45
41.775000972221726,33.51748688234595,-2.097655913656782,0.162400007247924805,47.5
41.77500066281348,33.431768553856834,-1.7148445430561312,0.0812000036239624023,47
41.850002791354555,33.206131158354665,-2.636715079323283,0.162400007247924805,49
41.85000373158168,33.52519828395235,-2.3945300522258575,0.0812000036239624023,47.5
41.925002278924914,34.06240005711367,-1.800781960824966,0.0812000036239624023,45.5
42.00000040606431,41.19894557742001,5.367187143214959,0.0812000036239624023,50
42.075000736529425,41.060799653119254,3.273440584625318,0.162400007247924805,48.5
42.075001494840784,41.17491494602996,5.066406400163776,0.0812000036239624023,49
42.15000178260602,41.43717136080245,4.46875111111958,0,53
42.15000150378203,41.06079965311926,3.2734406882539417,0.243600010871887207,49.5
42.150002421483556,41.07626691957779,3.5703148759384002,0.162400007247924805,64.5
42.15000068732658,41.093322984701075,3.8710962096057107,0.0812000036239624023,65
42.225002540329385,41.13135024954861,4.468751012624772,0,54
42.22500227103464,41.060799653119254,3.273440791514431,0.243600010871887207,51
42.22500227103464,41.060799653119254,3.273440791514431,0.162400007247924805,66
42.22500145441669,41.093322984701075,3.8710963227602075,0.0812000036239624023,66.5
42.30000134169335,41.04650867778352,2.9726597438641202,0.162400007247924805,54
42.300003024673245,41.060799653119254,3.2734405719952933,0.0812000036239624023,54.5
42.52500019546278,21.979987186179446,0.7109382184699847,0.162400007247924805,47
42.67500359476747,24.374377344223145,1.132811644741341,0.162400007247924805,47
42.75000080017877,24.914841435717857,-0.7070295046364221,0.162400007247924805,50.5
42.75000003586844,25.081917318135268,0.886720008748897,0.0812000036239624023,48
42.825000574751975,24.787058895839724,-1.44140470759272,0.162400007247924805,52
42.82500127754627,24.779891321793148,-0.5468752181601291,0.0812000036239624023,49
42.90000270915992,23.172371456570893,-0.12890866690949065,0.162400007247924805,46
43.275001923271326,30.797795664650785,-1.5000007958435477,0.162400007247924805,48
43.27500192785328,31.858899170364868,-0.007809410744202781,0.0812000036239624023,46
43.35000176976236,30.587407392578683,-1.8554711930351575,0.162400007247924805,47
43.65000303225372,29.75371937685092,-2.3945301011052598,0.0812000036239624023,47.5
43.72500176222683,30.80288949566407,-1.7968750860839164,0.0812000036239624023,47.5
43.950000359124815,29.297393395800853,-4.488283743599608,0.162400007247924805,46.5
44.70000086662722,21.584989390052225,-0.0039025426206930457,0.162400007247924805,46.5
44.99999980973757,20.740516146239145,0.12500362261957498,0.243600010871887207,45
45.00000002498081,20.603864080853963,0.5898458235134684,0.162400007247924805,53.5
44.99999980973757,20.740516146239145,0.12500362261957498,0.0812000036239624023,49.5
45.075000434134644,20.69815799731485,-5.382812818803863,0.243600010871887207,51
45.07500191137226,20.660279499028185,-4.18359573583774,0.162400007247924805,59.5
45.07500002877304,20.64498285857813,-3.585933779588053,0.0812000036239624023,55.5
45.374999144575774,19.627873457395527,-0.6015646020389416,0.162400007247924805,49.5
45.67500199657786,55.87083756390185,0.5820320496718273,0.0812000036239624023,47.5
45.74999936219378,55.876421805776445,0.8789062732383602,0,48
45.7499994106721,56.27801508213624,0.28515790238682215,0.162400007247924805,50
45.750000149947894,55.73235691173655,0.683596999930041,0.0812000036239624023,54.5
45.824999760733775,55.943172626865625,-0.07031247445657243,0,45.5
45.82500066399187,56.57783181652368,-2.269530828527297,0.162400007247924805,47.5
45.82499973960926,55.726477565890555,0.08984180437661862,0.0812000036239624023,52
45.90000126440696,57.28612905115256,0.4609396430520054,0.0812000036239624023,48
45.975001159216575,55.9958263286463,2.019534180999813,0.0812000036239624023,46
46.05000181823803,40.66328100994347,2.1249992237892426,-0.649600028991699219,45
46.05000327525636,55.94886753613909,-0.6679676859035376,0.0812000036239624023,49.5
46.12499962469215,40.69113467140414,3.972654016866309,-0.649600028991699219,46
46.12499972161265,54.329362640574395,4.941407127709092,0.0812000036239624023,49
46.20000137677019,53.621488877641205,13.23046928948854,0,48.5
46.20000174014749,39.869198473469645,3.5703147874667978,-0.649600028991699219,45
46.199999666775476,40.26699849168079,3.468750358647469,-0.730800032615661621,45.5
46.35000175213205,56.701093136107566,19.398437611571506,0.0812000036239624023,47
48.30000174381208,60.84980445435925,0.16015861120665775,0.0812000036239624023,46
48.37500262889881,60.67175624594662,-0.9101525690256873,0.0812000036239624023,47
48.75000476467179,26.0951660321432,0.29297161693649887,0.162400007247924805,49.5
48.82500029020632,27.168225490107325,-3.2890596910015435,0.162400007247924805,49.5
49.27500274693448,25.012663610456745,-1.1171891620396652,0.162400007247924805,48.5
49.35000142881789,28.887951660729986,-0.250001089704318,0.162400007247924805,46.5
49.42500179971784,26.40499672621291,-1.2578091819765262,0.162400007247924805,52
49.42500401493586,26.606525362974786,0.2929716282828342,0.0812000036239624023,49.5
49.50000482930282,41.93347141410002,4.273434922019568,0.0812000036239624023,47.5
49.57500089935075,41.976440067202134,4.871097008306086,0.162400007247924805,49
49.57500163845001,42.09818754211377,5.066406571530577,0.0812000036239624023,50
49.8000027581985,44.57233709298971,6.7812484233935475,0.0812000036239624023,47
49.87500356431333,45.336179496263995,5.6640617152144275,0.162400007247924805,47
49.87500356592136,45.016684277571414,7.335934509124775,0.0812000036239624023,49
50.02500257180283,43.46087364173286,0.8828130440066451,0.162400007247924805,45.5
50.02500241532762,43.501117596103015,2.3749976225716942,0.0812000036239624023,46.5
50.10000383689924,44.757766265012485,1.7773425207159095,0.162400007247924805,50.5
50.10000291545287,44.618903950155854,2.843753471215172,0.0812000036239624023,51.5
50.175003183939786,44.76780809909307,2.078123604721683,0.0812000036239624023,49.5
50.2500031487883,23.336865684441356,-3.8398462381209217,0.162400007247924805,48
50.40000165844882,46.73933760746387,2.0781235983054263,0.0812000036239624023,45.5
51.15000243685559,49.50011878000057,2.3749976637684815,0.0812000036239624023,46
51.30000375303231,49.606878032057956,5.484372802343628,0.0812000036239624023,45
51.900002950087476,15.243997794503755,1.871093628332536,0.0812000036239624023,46.5
51.97500105521488,15.785935879224937,1.7851561723236564,0.243600010871887207,59.5
51.97500105521488,15.785935879224937,1.7851561723236564,0.162400007247924805,67
51.97500263892716,15.788809308492537,2.0859373312552423,0.0812000036239624023,63
52.05000215209942,15.78353780416314,1.4882820652712179,0.243600010871887207,62
52.05000181925417,15.785935879224937,1.7851562740404667,0.162400007247924805,69.5
52.125003269778425,15.778943744122094,0.5937526775686925,0.243600010871887207,55
52.2000010031976,15.463073516332697,-1.3906222243070665,0.243600010871887207,49.5
52.20000037707498,15.504736202559227,-0.8515631318230689,0.162400007247924805,57
52.20000132054608,15.540353234304218,-0.3007835396960821,0.0812000036239624023,53
52.275000570182094,16.424952058682237,-2.2890584229679467,0.243600010871887207,49
52.27500009651997,16.413107294922945,-0.7968738403631753,0.162400007247924805,56.5
52.27500111534448,16.412107262696075,-0.4960928227905362,0.0812000036239624023,52.5
52.65000368462391,15.792084369674681,2.382811436897538,0.243600010871887207,45.5
52.650002203235026,16.287429934629365,3.5781286140313333,0.162400007247924805,54
52.65000245986607,16.204668119005266,4.296876456845955,0.0812000036239624023,49.5
52.72500135550572,44.759444134859216,4.933593426063231,0.162400007247924805,54.5
52.72500243156357,44.92768220531997,4.765625178545873,0.0812000036239624023,56
52.800003575042716,44.9809297682995,5.367187291104863,0.162400007247924805,52.5
52.80000444918631,44.874879567799766,6.13281032881116,0.0812000036239624023,54.5
54.525001064768944,59.14566645782432,0.9843780661037511,0.0812000036239624023,50
54.60000129461482,58.64453078339819,2.5664069372652047,0,55
54.60000149306855,59.00599957679522,1.6914050768080886,0.162400007247924805,55
54.60000149306855,59.00599957679522,1.6914050768080886,0.0812000036239624023,61
54.67500097330428,59.167908174033315,1.5781264831906339,0,54.5
54.67500267182446,58.9926903898508,1.3945308197899682,0.162400007247924805,54.5
54.67500267182446,58.9926903898508,1.3945308197899682,0.0812000036239624023,60.5
54.75000229990906,59.73838574955524,-0.3124973179318175,0.0812000036239624023,47
54.975000590350696,30.6456420905855,1.351562149824442,0.162400007247924805,46.5
55.05000356310823,30.519771601334256,-0.007809410743712603,0.162400007247924805,55
55.05000252159225,30.330099616542853,0.5039083628286114,0.0812000036239624023,53
55.12500277225299,31.246999009511423,-0.5195272338659594,0.162400007247924805,53
55.12500523352997,31.497354938412922,-0.20312549281369466,0.0812000036239624023,51.5
55.200000828658276,58.942986498196674,2.6718788339214634,0,56
55.20000000010212,58.589875106984465,2.921877450940584,0.162400007247924805,55.5
55.20000000010212,58.589875106984465,2.921877450940584,0.0812000036239624023,61.5
55.2750007355823,59.02187939565227,1.9882792582008861,0,58.5
55.2750016054961,58.98182348404703,1.0937497726500467,0.162400007247924805,58.5
55.275000722890006,59.00599957679522,1.6914051680219788,0.0812000036239624023,64.5
55.35000105173961,59.34865232668791,2.0742166506582236,0,51.5
55.3500035331584,59.482482634436266,-0.1445293069113717,0.0812000036239624023,58
55.42500269547214,37.92932496129154,0.3710953495939189,0.162400007247924805,53
55.425001275487844,37.931459667219684,0.6718763523181457,0.0812000036239624023,52.5
55.50000212610155,37.72546058463594,-0.9062524836696549,0.162400007247924805,48
55.500002931246144,37.722390299594004,-0.6054714483819549,0.0812000036239624023,47.5
55.650003055242415,36.58439023073367,1.4804683002443335,0.162400007247924805,45
55.65000242762701,36.57241875600702,0.5859389166994036,0.0812000036239624023,46
55.72500356939322,17.696022941696675,1.1875010386650877,0.162400007247924805,56.5
55.72500356939322,17.696022941696675,1.1875010386650877,0.0812000036239624023,53
55.800001999572345,17.693104914342687,-0.6015645799648225,0.243600010871887207,48
55.80000413918513,17.69233573304545,0.29297163137106075,0.162400007247924805,56
55.800002468675025,17.69307876488792,0.59375270281308,0.0812000036239624023,52
55.95000102484581,31.096963604997786,4.226566365081243,0.162400007247924805,53
55.95000197781151,31.020279356449496,4.0039087643785365,0.0812000036239624023,51.5
56.025001054116785,32.49890843265376,7.066409017045072,0.162400007247924805,47
56.025000743884824,32.746041078444236,5.472659586439536,0.0812000036239624023,45.5
56.175002997471644,33.82872027964888,5.17187813590695,0,49.5
56.175004789866506,33.86710711217894,5.7695334665736375,0.243600010871887207,54
56.17500423598399,33.82400912241736,6.144531369849646,0.162400007247924805,65.5
56.175003263621356,33.84625108828712,6.445312445500872,0.0812000036239624023,64.5
56.250004031273754,33.14413089340173,8.617189279493646,0,52.5
56.25000394009203,32.63079959269855,8.570313402053701,0.243600010871887207,58
56.25000505332145,32.72182921274606,8.796877491541048,0.162400007247924805,69.5
56.25000511035065,32.92092553262428,8.890622226052157,0.0812000036239624023,68.5
56.32499934962186,34.42580400242352,3.2265653054816372,0,46.5
56.3250018614288,34.4048610671466,2.6289098267359474,0.162400007247924805,63.5
56.40000227856711,32.51374356851983,2.5937480736920566,0,59.5
56.40000157297057,32.133351590811046,0.8867199936851653,0.324800014495849609,45.5
56.400001671485036,32.695932571359386,2.07812352142925,0.243600010871887207,66
56.400002902308906,32.505563640369964,2.2929670103138275,0.162400007247924805,77
56.400000981924464,32.522809503119255,2.8906222780704276,0.0812000036239624023,75.5
56.47500311029904,32.532999684185285,3.191410210102039,0,60
56.47500304447871,32.51374356851983,2.5937481178389326,0.324800014495849609,46.5
56.47500177247882,32.612580165007614,2.48046944327732,0.243600010871887207,66
56.47500174530724,32.52280950311925,2.890622301511399,0.162400007247924805,77.5
56.47500311029904,32.532999684185285,3.191410210102039,0.0812000036239624023,76
56.55000286931391,33.47168001009884,5.265622602679519,0,52
56.55000225471282,33.36975190727301,3.171875921119983,0.243600010871887207,57
56.550001702974015,33.38109835791572,3.4687502407965543,0.162400007247924805,69
56.55000279170984,33.40704287581117,4.06640540093846,0.0812000036239624023,68
56.62500393079384,37.86466315249259,5.421876927032925,0.243600010871887207,45.5
56.62500371563925,38.45861938612534,5.414063404842435,0.162400007247924805,59
56.62500553833879,38.43113543582571,5.7695331822585025,0.0812000036239624023,59
56.69999958422879,30.03847531076017,-1.2460954389213512,0.243600010871887207,50
56.77500087084758,32.03400365780552,5.667968478596743,0.162400007247924805,54
56.92500320022656,38.624129515412065,2.0781235632378587,0,49.5
56.92500418992614,38.59469057249296,-0.3085904358027834,0.243600010871887207,51.5
56.92500397455549,38.596418845326305,0.5859389550377198,0.162400007247924805,63.5
56.92500424261655,38.59945616521997,0.8828130877326877,0.0812000036239624023,63.5
57.000001513660706,37.87546570850551,2.8710951222044696,0,52
57.000004256955016,38.98925400974102,0.18359298437682994,0.243600010871887207,53.5
57.000003754225055,38.15460283635429,1.9570312678995068,0.162400007247924805,65.5
57.000001513660706,37.87546570850551,2.8710951222044696,0.0812000036239624023,65.5
57.07500143199319,37.86448474393112,2.5742205306671897,0,49.5
57.07499985945081,39.26700985520738,-0.3945278892161879,0.243600010871887207,48
57.07499908052542,38.218483673592,1.5859401809038223,0.162400007247924805,62
57.07499919595579,38.163180040771394,2.253905404530497,0.0812000036239624023,62.5
57.15000105192025,37.601060413254544,-1.0742205304873116,0,47
57.150002613563345,37.59483046478861,-0.4765584678280855,0.243600010871887207,50.5
57.14999978686737,37.72546058463594,-0.9062524700814895,0.162400007247924805,62
57.14999978686737,37.72546058463594,-0.9062524700814895,0.0812000036239624023,61.5
57.225001188961514,37.92872613859569,-0.22265302574450088,0,48
57.225003377761126,37.59483046478859,-0.47655844747299697,0.243600010871887207,53
57.225001188961514,37.92872613859569,-0.22265302574450088,0.0812000036239624023,62
57.300004434974376,37.59447809435052,0.41797090263484044,0.243600010871887207,49.5
57.30000320617464,38.624129515412065,2.0781237001955652,0.162400007247924805,52.5
57.37500494268428,39.26443183953168,6.820310097014939,0,46.5
57.37500440543713,39.48942673500611,5.5820306218126925,0.162400007247924805,58
57.375005663419564,39.259231016091114,6.164065664765586,0.0812000036239624023,58.5
57.44999973307256,40.72776895905442,5.542969214885182,0,52.5
57.449999699254136,-7.352050655597404,0.6015664429227667,0.243600010871887207,53.5
57.4500031118034,40.79757101906866,5.468752008889635,0.0812000036239624023,65
57.52500166905119,42.38531482976015,4.765625028391148,0,52.5
57.525001557955825,-7.4837468550530675,1.3671896026535961,0.243600010871887207,62
57.525001519244164,-7.35526404033016,1.7929698450151437,0.162400007247924805,68.5
57.52500089572327,41.999909231193506,5.167971269460256,0.0812000036239624023,65
57.59999996346684,43.94932576563395,2.8710951203484556,0,47.5
57.60000232271407,-7.4837468550530675,1.3671896767151042,0.243600010871887207,61
57.600003142513906,-7.665167667431805,1.5976538396019935,0.162400007247924805,67.5
57.600000543465505,-7.587807536471716,2.0937510130652033,0.0812000036239624023,62.5
57.675003287668986,-7.753658357951953,2.00781351823381,0.243600010871887207,53.5
57.67500223361813,-7.912306116757307,1.9140623066215787,0.162400007247924805,60
57.67500121553025,-7.970543399153807,1.9921861194358899,0.0812000036239624023,55
57.75000525259713,-7.222309861876363,0.7304725582873274,0.243600010871887207,47
57.825000718909166,44.449922404298654,7.589847452941847,0,46.5
57.82500117377906,44.11364972834748,5.2617224261492135,0.162400007247924805,57
57.82500054633575,44.50509623732578,6.179686207759172,0.0812000036239624023,58.5
57.90000279168239,45.5808422343923,5.749999019843747,0.162400007247924805,56
57.90000074310014,45.68060792259443,6.648435599549845,0.0812000036239624023,57.5
57.975002900144595,46.60523346930733,5.722658109039986,0.162400007247924805,52.5
57.975002664708136,46.76465012073311,6.902347660356147,0.0812000036239624023,54.5
58.12500351630441,46.3274837137104,5.664061649697201,0.0812000036239624023,52.5
58.20000078894176,46.67271363977856,15.636717588675424,0.162400007247924805,48
58.19999914018432,46.30673617935835,14.015627157121747,0.0812000036239624023,50
58.27500266140655,18.173960049733324,0.2929716059317758,0.243600010871887207,55.5
58.275002244047705,17.971218610897576,0.5468770626780767,0.162400007247924805,63.5
58.27500166322537,17.97238749210122,0.8437512868829347,0.0812000036239624023,59.5
58.35000189633039,18.01730643860671,0.7890619477962043,0.243600010871887207,60.5
58.35000167897702,18.174724712523624,0.5937526921721461,0.162400007247924805,69
58.35000435718247,17.974054789224862,1.1406254255918635,0.0812000036239624023,65
58.42500165998184,46.59138020162201,3.4687502687656777,0,48
58.500005207669325,18.259202686630044,-2.4765608022397343,0.243600010871887207,48.5
58.50000470884496,18.18012831629164,-1.4960938663731205,0.162400007247924805,57.5
58.57499890568026,-8.298947494809273,4.183597880430836,0.243600010871887207,48.5
58.57500027470657,-8.040304489802406,5.0351581832951515,0.162400007247924805,56
58.65000138136597,46.87100037183434,5.132816509522854,0,47.5
58.65000293930962,46.90030945751826,5.429690340194804,0.162400007247924805,56
58.650000984870374,46.741715718312484,5.91796737102767,0.0812000036239624023,57.5
58.725001365291654,46.813208983149046,5.1874988573350285,0,47.5
58.72500206747729,47.151066760532544,6.179686195449332,0.162400007247924805,55.5
58.72500071416485,47.30062256236478,6.367188669377484,0.0812000036239624023,57.5
58.80000274488926,47.67792708266481,5.664061600470355,0.162400007247924805,51
58.950000795338006,30.787902581301577,0.5898457927085443,0.0812000036239624023,51
59.17500310133666,28.940518593086395,0.8867200043310414,0.162400007247924805,52.5
59.17500344593055,29.15462636403067,2.464842075548597,0.0812000036239624023,50.5
59.25000561452219,29.134783828611962,-1.4140633524719999,0.162400007247924805,50
59.32500092709418,28.424854455979983,1.484375164051017,0.162400007247924805,48.5
59.324999052920106,28.154667462804582,0.28906476667682035,0.0812000036239624023,47
59.40000169096741,28.94735862731072,1.4843751910844747,0.162400007247924805,50.5
59.40000068285756,28.839856190916645,1.914062294730906,0.0812000036239624023,49.5
60.45000098812938,12.811124821554955,-1.328125982811145,0.243600010871887207,46.5
60.44999997916371,12.807678252539535,0.164065463983896,0.162400007247924805,54
60.45000205234868,12.624152705386074,0.10156240631887746,0.0812000036239624023,49.5
60.52500027855293,12.624443369118511,0.398436581709363,0.243600010871887207,54
60.52500027855293,12.624443369118511,0.398436581709363,0.162400007247924805,61.5
60.52500166627494,12.70485290769561,-0.003902542455413357,0.0812000036239624023,57.5
60.600001209457126,12.536190141113169,0.21094107320347896,0.243600010871887207,53.5
60.60000306702016,12.705026145209686,0.29687847247934374,0.162400007247924805,61.5
60.60000274964137,12.707645975314437,1.1914078487684951,0.0812000036239624023,57
60.67500180137095,12.62444336911851,0.39843658583770447,0.243600010871887207,48.5
60.67500436033736,12.541733888407252,1.7031256348500223,0.162400007247924805,56
60.675003948354714,12.481102760115784,2.386718320480748,0.0812000036239624023,51.5
60.750004594898414,12.001394715615138,0.29687848578304576,0.243600010871887207,45
60.750004765966786,12.00717136703693,1.789063145931592,0.162400007247924805,53.5
60.750005404726174,12.280091839111815,2.0390616785460542,0.0812000036239624023,50
60.82500141265405,12.705030764973758,-0.30078353515664696,0.243600010871887207,56
60.82500090403138,12.70485290769561,-0.0039025425216988496,0.162400007247924805,63.5
60.82500206035075,12.624152705386072,0.10156240805087081,0.0812000036239624023,59
60.900002387747975,12.31710328822417,-0.7031226208331357,0.243600010871887207,55
60.900001702119084,12.537010354177509,-0.683595157762489,0.162400007247924805,62.5
60.89999971748699,12.374856720517029,-0.17968430531839133,0.0812000036239624023,58
60.975003987574006,12.536387585098081,-0.3828140910994865,0.243600010871887207,53.5
60.975001826227555,12.536118000446217,-0.08593994674656875,0.162400007247924805,61
60.975002314555496,12.316623026727614,0.4921877859954082,0.0812000036239624023,56.5
61.050003391272554,12.374820754576003,0.11718987798158727,0.243600010871887207,52.5
61.050003077489414,12.316623026727614,0.4921877819316601,0.162400007247924805,60
61.050003474403574,12.536611619381196,0.5117221411663077,0.0812000036239624023,55.5
61.125005115085045,12.276692869228604,-1.5390626066083974,0.243600010871887207,46
61.19999908085596,26.113339990541284,2.082030457178834,0.243600010871887207,48.5
61.20000109849706,25.962610760646953,2.8750018905497923,0.162400007247924805,58
61.20000158572557,25.978753285132402,3.472656814111329,0.0812000036239624023,55.5
61.27500044239984,26.63090885924513,2.3789045688174837,0.162400007247924805,56
61.27500243000665,26.653174630295986,3.2773475278989976,0.0812000036239624023,53.5
61.35000230379079,25.622742153646623,2.9765596554957363,0.243600010871887207,52
61.35000319274984,25.630624082748273,3.277347506649298,0.162400007247924805,62
61.35000319274984,25.630624082748273,3.277347506649298,0.0812000036239624023,59.5
61.42500382014428,25.888495665978915,1.4374995042188077,0.243600010871887207,58
61.42500159622704,25.598996789881863,1.7851562430818884,0.162400007247924805,67.5
61.42500241048505,25.89254330333847,1.738280688830077,0.0812000036239624023,65
61.57499998471384,25.4179462259968,-3.046874930430263,0.243600010871887207,52.5
61.65000028927429,26.30615143571271,-3.187501635286289,0.243600010871887207,55
61.65000249296271,26.18171657387815,-1.878905467717093,0.162400007247924805,64.5
61.650002359468246,26.17365541210345,-1.2851572285623152,0.0812000036239624023,62
61.72500406987861,25.18163295998858,0.17187237139199554,0.243600010871887207,58
61.72500155368701,25.183918181711476,0.7656275500410069,0.162400007247924805,67.5
61.72500397511015,25.19287799914016,1.6640638153673013,0.0812000036239624023,65
61.800002894230815,24.770924147261624,3.707034862111234,0.243600010871887207,57.5
61.80000286394108,24.841032054364067,3.929685450730959,0.162400007247924805,66.5
61.8000044487672,24.980125200159016,4.07031206234375,0.0812000036239624023,64
61.87500577117425,22.191556789237136,3.4921911062639617,0.243600010871887207,53.5
61.87500286619202,22.19937028997711,3.792972562630743,0.162400007247924805,62
61.87500396354705,22.216824858448167,4.390627555293279,0.0812000036239624023,58.5
61.950002238297905,22.306411639943203,4.277342114273972,0.243600010871887207,53.5
61.95000092231609,22.216824858448163,4.390627679921707,0.162400007247924805,62
61.95000084795937,22.315969541259143,4.578122910642173,0.0812000036239624023,59
62.024999829733915,21.256438297538867,-0.7968738276685832,0.162400007247924805,61
62.02500095963184,21.300608788296376,-0.2578148217184623,0.0812000036239624023,58
62.100001689013496,21.62239441656235,-3.289059714432094,0.162400007247924805,60
62.10000034038614,21.846923266114327,-2.09374932916842,0.0812000036239624023,57
62.17500250068856,21.442991130281627,8.554686773896078,0.243600010871887207,46
62.17500287796767,21.577029062821296,9.68750075076347,0.162400007247924805,54
62.17500110152483,21.59794002209017,9.992188904879157,0.0812000036239624023,50
62.2500061893409,20.94936368940122,2.281253422353781,0.243600010871887207,52
62.25000405253949,21.20585499641186,1.9609379446238213,0.162400007247924805,60.5
62.25000235838531,21.210158415923583,2.2617191244678265,0.0812000036239624023,57
62.325000807339556,20.40440083374214,-0.3593729329527551,0.243600010871887207,52
62.325002341415406,20.40537912056743,-0.6562470634709299,0.162400007247924805,60.5
62.32499987768385,20.465166443571334,-0.13671557179094654,0.0812000036239624023,57.5
62.40000305404065,19.95929856594768,-1.3007778117766469,0.162400007247924805,53.5
62.400000645837785,20.027260965149207,-1.9726567170411742,0.0812000036239624023,50
62.62500503423578,-13.268729184467768,2.4960968450740064,0.162400007247924805,52
62.70000228308558,-13.507226023959113,0.7226588126603486,0.243600010871887207,46.5
62.700002022263135,-13.344484886597686,-0.37500039414916786,0.162400007247924805,54
62.699998894222375,-13.566052259395917,-0.6914089007033241,0.0812000036239624023,49
63.075001402910544,-13.925443678550534,4.4843783351114945,0.162400007247924805,48.5
63.150001460773666,-13.374215660334446,3.804685748524043,0.243600010871887207,46
63.15000242193954,-13.62398850707264,5.281249872276863,0.162400007247924805,53
63.150000170133694,-13.722308272881106,5.9843767952531515,0.0812000036239624023,48.5
63.22500196827608,-13.114956707041165,9.292968303002183,0.162400007247924805,47.5
63.300003163069306,47.48027943838248,6.863278988845083,0.162400007247924805,49.5
63.300004644556495,47.41778493612985,7.269531763036469,0.0812000036239624023,51.5
63.37500235306169,47.846416829382804,5.832029564113729,0.0812000036239624023,48.5
63.60000263574044,28.111405892552238,-1.7304650407717093,0.162400007247924805,45.5
63.9000022237395,-31.525367298983113,2.296874002486317,0.162400007247924805,49
63.89999970611915,-31.50059894633187,0.804689386598405,0.0812000036239624023,48
64.12500263207181,23.341738778499835,2.382811497689248,0.162400007247924805,52.5
64.20000622205434,23.05080510160367,3.660159149515773,0.243600010871887207,48
64.20000442504684,23.303571059390634,2.4296870806615565,0.162400007247924805,56
64.20000591830357,23.25777155341283,2.4843762595800545,0.0812000036239624023,52
64.2750005550782,-5.2776031003551696,-0.8906250477420719,0.243600010871887207,48
64.27500068668563,-5.377655829241761,-0.16406365101301632,0.162400007247924805,54.5
64.2750013269465,-5.50829342164159,1.1953147391004701,0.0812000036239624023,50.5
64.35000815745006,-5.145525050671618,-2.5624981028327904,0.162400007247924805,54
64.35000540958217,-5.047193288570874,-0.5937508549804589,0.0812000036239624023,48.5
66.45000732081546,-8.845721849342471,5.464845087866164,0.243600010871887207,48.5
66.45000732081546,-8.845721849342471,5.464845087866164,0.162400007247924805,55.5
66.45000527181276,-8.671163919573626,4.363279747869931,0.0812000036239624023,50.5
66.5250015496493,-9.713431879586329,8.605469273641496,0.243600010871887207,55
66.52500354569776,-9.62239779572799,8.492190600101761,0.162400007247924805,62
66.52500269893315,-9.8806160955522,8.812499295024699,0.0812000036239624023,57
66.82500441783662,-16.836871853810642,6.285158454895942,0.162400007247924805,51
66.82500465703147,-16.847142114614915,6.585939299082987,0.0812000036239624023,47
67.27500325783758,13.91979260736046,-4.183595944346743,0.162400007247924805,49
67.27500078709896,40.87544862827193,5.7148442488296185,0.0812000036239624023,47
67.42500391767683,12.939998031083237,0.29687848448462534,0.162400007247924805,48.5
67.72500593619492,42.517824721145146,6.265623815453518,0.162400007247924805,49
67.72500862943406,42.650992450730676,7.468748144680563,0.0812000036239624023,51
67.8750007169859,22.522495901780758,11.101561161312612,0.162400007247924805,45
70.12500011591519,58.59026399761527,1.6718775613758219,0.0812000036239624023,50
70.20000465687824,58.942986498196674,2.6718787580924293,0,48.5
70.20000298644722,2.2352651924390385,4.863283477178694,0.162400007247924805,51
70.20000496007425,58.885147288178445,1.7734355570988574,0.0812000036239624023,54
70.27500230230231,58.645007013046694,3.5195323660149507,0,45.5
70.27500028829049,2.3938124988948504,4.957034393430541,0.162400007247924805,48.5
70.27500050424526,59.00599957679523,1.6914051476642167,0.0812000036239624023,51.5
70.35000441037569,2.451082718086974,4.882810929062123,0.162400007247924805,47.5
70.42500415513712,2.297815337031899,4.17969042492878,0.162400007247924805,47
70.57500259974437,2.7612102539745806,5.078127067564291,0.243600010871887207,46.5
70.57500213051014,3.0702104474236798,4.976562664299954,0.162400007247924805,53.5
70.72500772483208,2.9855976928182035,3.5820284755190204,0.0812000036239624023,47
70.95000241036357,-19.356296889830457,8.390625029807092,0.162400007247924805,51.5
70.95000376401654,-19.610988940442223,9.250000277769235,0.0812000036239624023,47
71.0250015407821,-19.239369428552877,7.402344843162592,0.162400007247924805,51.5
71.0250015407821,-19.239369428552877,7.402344843162592,0.0812000036239624023,47
71.25000121785766,-9.624406147581173,3.8007792654776904,0.162400007247924805,50
71.32500433645228,-9.529930204259356,3.093752177553946,0.243600010871887207,51
71.32500388359368,-9.535880119803195,3.691407529724042,0.162400007247924805,57.5
71.32500389483353,-9.631673350618197,4.398441296438907,0.0812000036239624023,52.5
71.40000021289606,3.0213616622307438,3.5351600227414166,0.243600010871887207,50
71.40000182017491,3.0234763813029972,4.132815122750598,0.162400007247924805,57
71.4000013089754,2.763943330632288,5.6796890165003715,0.0812000036239624023,51
71.47500559272187,2.754894507663726,3.285154655795638,0.243600010871887207,48.5
71.47500775482007,2.7557516679787017,3.582028639362617,0.162400007247924805,55.5
71.47500725030976,2.757703941722468,4.17969072070239,0.0812000036239624023,50
71.5500020363528,2.752195886537423,2.0898440349290768,0.162400007247924805,51.5
71.55000201059691,2.3867207081058806,2.265625766331545,0.0812000036239624023,46.5
71.62499868414119,1.4447323712479538,4.9960962868768135,0.162400007247924805,48
71.77500276641982,1.4476987392830845,6.195313979185803,0.162400007247924805,46.5
71.85000571080751,1.7106292092054214,4.949221140037838,0.162400007247924805,47.5
72.07500274574123,4.3578015788690445,0.8945337056718176,0.162400007247924805,50.5
72.07500570240055,4.3593984210213605,1.789063048173648,0.0812000036239624023,46
72.15000002332509,3.9768975069952632,-0.39843479403310167,0.162400007247924805,51.5
72.30000110743296,-8.893014593184628,0.7968756965758714,0.243600010871887207,45
72.30000200156483,-8.896054860243263,1.6914051712658225,0.162400007247924805,51
72.30000422206587,-9.207057684671415,1.4960958457024292,0.0812000036239624023,45
72.37500107930805,-9.214144025612674,2.6914061994910674,0.243600010871887207,53
72.37499942980304,-9.21921008706297,3.2890614894184322,0.162400007247924805,59.5
72.37499919518065,-9.028231950771637,3.046876565005608,0.0812000036239624023,54
72.45000225334717,-10.160904621191733,4.183597587543073,0.243600010871887207,50.5
72.45000477875521,-9.850040399794366,4.382813725319264,0.162400007247924805,57
72.4500049756401,-9.78699471129985,4.007815940084343,0.0812000036239624023,51.5
72.52500427490591,-10.858892820481001,7.984371492980459,0.243600010871887207,45.5
72.52500196663854,-10.919292334408679,7.183594279654533,0.162400007247924805,52.5
72.52500159410258,-11.170160375609134,7.785156539469144,0.0812000036239624023,48
72.60000500637318,-8.27768572660782,-0.8906250171791336,0.162400007247924805,46
72.74999979666472,61.64327195098557,1.4765614506574354,0,47.5
72.74999898498918,61.62051882563311,0.8789062324567208,0.0812000036239624023,52
72.82500515969176,62.11662506146117,1.1796872748082932,0.0812000036239624023,50
72.90000207426384,4.278936754201899,0.996091762184237,0.243600010871887207,51
72.90000230167578,3.979971213052398,2.285160266405106,0.162400007247924805,58
72.90000091303408,3.9818483412838903,2.8828154307676943,0.0812000036239624023,53
72.97500548186962,4.178221600147855,0.832030644920027,0.243600010871887207,53
72.97500392587122,4.279387315001315,1.296872925276978,0.162400007247924805,59.5
73.05000251570628,60.07876296978125,4.761718685190984,0,45
73.05000501705078,4.358750200393166,1.4921888520512443,0.162400007247924805,59
73.05000413157589,4.36105976376931,2.3867183271672507,0.0812000036239624023,54
73.12500082121318,60.78167123292201,5.257815525544127,0,46.5
73.12500196823164,4.3587502003931675,1.492188879753866,0.243600010871887207,54.5
73.1250016188027,4.322930536812619,1.539064447439482,0.162400007247924805,61
73.20000660612759,4.2233512087606115,1.968751625293175,0.243600010871887207,47.5
73.20000417238194,4.06446549899203,1.574219537035094,0.162400007247924805,54.5
73.27500092817644,-6.59441679255895,-0.3789072332764499,0.162400007247924805,48
73.35000849576561,-9.831091010712292,2.589841303127529,0.243600010871887207,53.5
73.35000551152804,-10.150439997732125,3.2890612976414366,0.162400007247924805,60
73.35000551152804,-10.150439997732125,3.2890612976414366,0.0812000036239624023,55
73.42500215926542,-10.95105695788202,3.121093470174786,0.243600010871887207,62
73.4250035071236,-10.957969840588063,3.7187484486259756,0.162400007247924805,69
73.42500347163686,-11.095894365238516,4.187497736700639,0.0812000036239624023,64
73.49999777185586,-11.073385253821396,2.093750991715426,0.243600010871887207,60
73.50000263523006,-11.075691578408176,2.3945319414607096,0.162400007247924805,67
73.50000244991753,-11.208596379662469,2.5624999131468837,0.0812000036239624023,62
73.57500522078651,-10.774844972642644,-3.6796849701976555,0.243600010871887207,45.5
73.57500410838365,-10.96222936165893,-4.042968995935845,0.162400007247924805,53
73.57500603393983,-10.791872716579077,-4.875002033221597,0.0812000036239624023,48
73.72500808698021,2.7512975321641533,1.492188852402242,0.0812000036239624023,45.5
73.80000426135358,13.530488285478146,-3.4062517991110943,0.162400007247924805,50.5
73.80000089940829,13.579138085929245,-2.5859394831574973,0.0812000036239624023,46.5
73.87500080701494,13.293751040885471,-4.285153874916644,0.162400007247924805,49.5
73.95000559996711,59.09570253049625,5.484372894569641,0.0812000036239624023,45
74.10000809667379,4.325276392217974,2.433593710101316,0.162400007247924805,48
74.24999811389952,4.817549611053847,0.8945337588393236,0.243600010871887207,52
74.24999976944424,4.588078719350495,1.1953147113430196,0.162400007247924805,58.5
74.2500012697667,4.853864360625306,1.1484391138604293,0.0812000036239624023,53.5
74.32500332791864,4.587328346267532,0.5976595318617282,0.243600010871887207,53.5
74.32500530610234,4.853111810252742,0.5507839626146213,0.162400007247924805,60.5
74.32500657840342,4.5886374553017,1.4921888867297208,0.0812000036239624023,55.5
74.40000020110085,-7.917461186080483,2.8124987318707872,0.0812000036239624023,47
74.47500500546715,66.47735627353767,2.0273411052847212,0,45
74.47500730869127,-8.279520653747307,1.4960958357221599,0.243600010871887207,46.5
74.47500550535814,-8.290430582297747,3.2890613365931207,0.162400007247924805,53
74.47500550535814,-8.290430582297747,3.2890613365931207,0.0812000036239624023,48
74.7000052700612,-10.18413878323092,5.683596015964412,0.243600010871887207,48
74.70000286621244,-10.207888066489138,6.882813326793018,0.162400007247924805,55
74.70000286621244,-10.207888066489138,6.882813326793018,0.0812000036239624023,50.5
74.77500225777077,-9.609015741190914,2.0117204091316094,0.243600010871887207,51.5
74.77499924444369,-9.607361422556327,1.71093939786462,0.162400007247924805,59
74.77500225777077,-9.609015741190914,2.0117204091316094,0.0812000036239624023,54.5
74.85000742840744,59.47300875534941,3.5664082580955965,0,45
74.85000482049666,4.587328346267531,-0.5976577359761085,0.243600010871887207,51.5
74.85000805655996,4.818598762924384,-1.4921870690970689,0.162400007247924805,58
74.92500452308794,-10.147487253826872,2.9882803220493424,0.0812000036239624023,60
74.99999916438526,-9.905807610305338,1.7968767329605828,0.243600010871887207,60
74.99999949155391,-10.142463920348982,2.390625241382275,0.162400007247924805,67
74.99999949155391,-10.142463920348982,2.390625241382275,0.0812000036239624023,62
75.07500602849372,-10.599506103268787,-0.2929698104180008,0.162400007247924805,57
75.0750020948932,-11.067288974509069,0.9023474334942194,0.0812000036239624023,52.5
75.22500691544765,-5.918043959221451,4.101560108760271,0.162400007247924805,48.5
75.3000029712295,-6.7162735933394,4.5312475925038465,0.243600010871887207,50.5
75.30000104419979,-6.652641777261124,3.855468665151939,0.0812000036239624023,52
75.37500078462833,-6.815966711580834,4.3632797201397615,0.162400007247924805,54
75.37500054512778,-6.239364234084029,3.6249972566825446,0.0812000036239624023,49
75.52499916374967,-6.9715734029862775,3.9687541375244018,0.162400007247924805,49
75.74999872683499,2.7505136803394725,0.5976595690780031,0.162400007247924805,49.5
75.82500527929992,-7.2499879597791725,10.808594372327512,0.243600010871887207,48.5
75.82500359830247,-6.856193109620121,10.609378214832502,0.162400007247924805,54.5
75.8250029448709,-7.0622624181989595,9.984374994262112,0.0812000036239624023,49.5
75.90000083392232,-6.824618407745572,9.093752961305498,0.243600010871887207,50.5
75.90000406599918,-6.994490509845431,9.898437555177503,0.162400007247924805,57
76.05000422570524,19.673571421043935,3.87500276915399,0.162400007247924805,52.5
76.27500374673983,18.792827831232863,-0.17187737052835003,0.162400007247924805,48.5
76.35000530521931,18.657703603044958,0.5937526683438284,0.162400007247924805,51.5
76.35000381606805,18.767940529527927,1.355469115947406,0.0812000036239624023,47
76.4250033665238,18.797737014087737,3.4453154757808035,0.162400007247924805,46
76.65000066629466,16.226171204797478,3.0468764635241077,0.162400007247924805,48
76.80000158218955,4.896471123480829,0.792968817107861,0.162400007247924805,46.5
77.47500589889789,68.11087429523205,-1.2109335610364644,0,51
77.47500591669157,68.40811056864266,-1.636720804983594,0.0812000036239624023,54
77.55000463734409,68.45254684406414,-1.078127316655473,0,50.5
77.55000106534762,69.25294917272983,-2.019532483578893,0.0812000036239624023,52.5
77.70000520328921,60.27678145761018,3.324216475300541,0.0812000036239624023,48.5
77.77500090594171,60.56520035937717,1.558592043773701,0.0812000036239624023,47
77.85000444736451,59.50616979308475,3.867189128960075,0.0812000036239624023,48
77.92500196570468,59.296711176161544,0.8789062880313503,0.0812000036239624023,46.5
78.15000240016703,58.94844943880278,5.25781549879799,0,46.5
78.15000205807614,59.86914544641029,2.968752805288215,0.162400007247924805,48
78.15000120110741,59.269583464641755,3.070311015220547,0.0812000036239624023,53
78.22500711692341,59.328837429700904,3.667965901956707,0.0812000036239624023,51.5
79.57500373135417,-4.414225126985864,4.539061029559052,0.162400007247924805,52.5
79.57500205309174,-4.599360043082233,4.183597866345815,0.0812000036239624023,46
79.65000113935339,58.78661473068943,4.714842843641047,0,49.5
79.65000398106731,58.00925490104369,1.7773423820411756,0.162400007247924805,51
79.65000309072686,58.616322867090304,3.2226582409802855,0.0812000036239624023,56
79.72500692087527,58.82371895511907,4.36327960192605,0,53.5
79.72500706797669,-4.342375853073776,5.632813365792264,0.243600010871887207,48
79.72500500107687,58.58987510698448,2.921877441398059,0.0812000036239624023,60
79.87500092968766,-4.367643451790453,8.339842680481665,0.243600010871887207,51.5
79.8749989069422,-4.34567641014154,10.093753760959762,0.162400007247924805,58
79.87499975691519,-4.43606563021358,10.80468734587879,0.0812000036239624023,53.5
79.95000654843827,-4.314082686447523,7.378903824455668,0.243600010871887207,52
79.95000350840358,-4.3947443420208,7.480468751507125,0.162400007247924805,59.5
79.95000764215986,-4.361118401718305,7.73437344558874,0.0812000036239624023,54
80.0250012356516,-5.071285764661551,9.832034513657918,0.0812000036239624023,49
80.10000447016155,-3.8466610660515927,11.546877423965336,0.162400007247924805,49.5
80.17500448283637,-3.507446547583393,6.937502075926578,0.162400007247924805,47.5
80.55000447200996,56.86145884692861,3.566408194947437,0.0812000036239624023,50
80.62500026506798,57.6130515507911,2.371097748212314,0.0812000036239624023,49
80.77500045061211,19.48289784414694,5.671875322242732,0.162400007247924805,53
80.77500131462442,19.436042832223453,5.417969886825114,0.0812000036239624023,49
80.85000546445627,19.425113979142743,6.375002020967919,0.162400007247924805,46.5
80.85000465395774,57.3899772344758,-0.21093924091925706,0.0812000036239624023,48
80.92500344844527,18.822451521143304,7.472654650765563,0.162400007247924805,49.5
80.9999993126912,5.823861533889698,2.882815341288054,0.162400007247924805,53
81.07500561883577,5.507165139787978,0.2968784813704204,0.162400007247924805,47
81.07500238607106,56.9964797716966,3.464843261790125,0.0812000036239624023,48.5
81.1500000836982,56.325457805142065,4.632812402521776,0.162400007247924805,46.5
81.15000115686456,56.70043825511831,5.664061988416774,0.0812000036239624023,51
81.22500553952796,57.394982547871784,5.44531107177274,0,49
81.22500478581512,56.78990564523,4.593750696754296,0.162400007247924805,51
81.22500632490225,56.99560544846738,4.765625191084058,0.0812000036239624023,56
81.30000128329274,57.59394739821201,3.0156286526513507,0,48.5
81.30000319074887,56.87293051158314,1.6718776725347249,0.162400007247924805,50
81.30000131043319,57.09508416247038,2.7539093794083884,0.0812000036239624023,55.5
81.37500065125283,57.5009417731727,1.5234369861119885,0,46.5
81.52499978787178,58.174742443345,3.867189090746057,0,53
82.57500579480381,54.874634841317956,4.164062967719153,0,48
82.57500466903842,54.748237151988214,2.6718787312004584,0.162400007247924805,51
82.57500466903842,54.748237151988214,2.6718787312004584,0.0812000036239624023,55.5
82.65000288498243,55.308647374427174,4.464844169305864,0,56.5
82.65000243960098,55.276421607062616,3.519532372498634,0.162400007247924805,59
82.64999943542817,55.30427596170226,3.8203133577472634,0.0812000036239624023,63.5
82.72500526971736,55.4775102942795,5.316405072629008,0,54.5
82.72500630523898,55.366515705749606,4.417969013880924,0.162400007247924805,57.5
82.72500630523898,55.366515705749606,4.417969013880924,0.0812000036239624023,62
82.80000644710508,15.316034620663048,2.3828114435131753,0.243600010871887207,49.5
82.80000644710508,15.07841755479302,2.3828114435131753,0.162400007247924805,58
82.80000352755856,15.253870978139606,2.7656229609887166,0.0812000036239624023,53.5
82.87499934150956,15.236014532670216,0.37890906470796965,0.243600010871887207,53
82.87499934150956,15.236014532670216,0.37890906470796965,0.162400007247924805,61
82.87499958106288,15.236758752696966,0.6757832148788302,0.0812000036239624023,56.5
82.95000415856225,15.23675875269697,0.6757832290391135,0.243600010871887207,54.5
82.95000415856225,15.23675875269697,0.6757832290391135,0.162400007247924805,62
82.95000336582942,15.304362361985463,0.8906268720456791,0.0812000036239624023,58
83.02500361933055,55.80505110986938,2.4765626611288543,0,46.5
83.02500244021338,55.276421607062616,3.519532332853303,0.0812000036239624023,54
83.1000067495695,55.299438412341345,2.8671880404473638,0,54
83.10000717067355,14.82814286355613,0.2968784751111848,0.243600010871887207,51.5
83.10000673543064,14.831219205420016,1.1914078485807642,0.162400007247924805,59.5
83.1000056530825,55.279088083837195,2.5703139164543463,0.0812000036239624023,61
83.17500183864912,55.6105623137571,1.6914050557682758,0,50.5
83.17500510989166,14.509790365932114,-0.19921863329628575,0.243600010871887207,48.5
83.17500148410025,14.828775792251239,-0.6015646272689185,0.162400007247924805,56
83.24999919205555,14.155263475022593,-0.3476523248809779,0.243600010871887207,46
83.24999733041102,14.119853458366794,-0.8984387442724271,0.162400007247924805,53
83.24999856124379,13.886736787057488,1.488282070002489,0.0812000036239624023,48.5
83.32500560456323,14.155655404113237,0.5468770660485845,0.243600010871887207,50.5
83.3250030935299,14.42107254465168,0.2109410759860053,0.162400007247924805,58
83.32500521312855,14.35761956626236,1.1914079102732167,0.0812000036239624023,54
83.40000210279361,14.42155996933959,0.5117221058725107,0.243600010871887207,53
83.40000210279361,14.42155996933959,0.5117221058725107,0.162400007247924805,60.5
83.40000065375916,14.591868009079985,0.5937526610206831,0.0812000036239624023,56.5
83.47500658850645,14.517777562684334,1.890628039873414,0.243600010871887207,47
83.475006456659,14.694707349146196,-0.13280870838695444,0.162400007247924805,54.5
83.47500467235903,14.591878678812938,-0.5976577165804143,0.0812000036239624023,50
84.3750004386838,17.712163820225864,2.6835924863973344,0.162400007247924805,46
84.45000394743285,18.24506342413092,1.1054704746248984,0.162400007247924805,52
84.45000283745581,18.33249283355903,0.3984366014254926,0.0812000036239624023,47.5
84.52500104465372,18.521318810820954,0.4609396663269585,0.162400007247924805,52.5
84.6000042185303,18.243428932347406,0.8085963009516589,0.243600010871887207,52.5
84.60000819415257,18.342330730590497,1.8867211525404486,0.162400007247924805,60.5
84.60000779693566,18.544429486216938,2.8476534614881275,0.0812000036239624023,57
84.67500323650425,55.366515705749606,4.417968823552169,0,46
84.67500559719804,18.044201271296032,3.175782642295064,0.243600010871887207,54.5
84.67500436824471,18.270954022273564,3.195310217959469,0.162400007247924805,63
84.67500173672366,18.35448673726595,2.7851574453402272,0.0812000036239624023,59.5
84.75000142535005,54.90691140107404,4.4648444438865615,0,54.5
84.74999766742822,18.535559455018127,2.253905305314705,0.243600010871887207,55
84.74999766742822,18.535559455018127,2.253905305314705,0.162400007247924805,63
84.82500553627345,54.97788925809077,5.062499237490307,0,52
84.82500310802048,19.633642332969007,1.4882819753641487,0.243600010871887207,46.5
84.82500600114427,54.90691140107404,4.4648444170362405,0.0812000036239624023,59.5
84.90000433377975,18.90671333212605,4.2304663147008315,0.162400007247924805,54
85.27500304284351,-22.704716155484146,5.988283432157976,0.162400007247924805,49
85.275000861597,-22.598148239294986,6.718751997522186,0.0812000036239624023,46
85.35000784527023,-23.10518205914508,7.289066191276952,0.162400007247924805,49.5
85.35000366349092,-22.546762437805782,6.941409690441799,0.0812000036239624023,45.5
86.99999957073423,53.48151959379072,5.664061764976906,0,52
86.99999972668799,53.39418034004207,2.503903929298576,0.162400007247924805,56
86.99999728186698,53.411324704018625,3.4375020136288956,0.0812000036239624023,60
87.07500805172434,53.8304486886253,5.36328038151519,0,54.5
87.07500610011827,53.639185801299156,3.5664080596116046,0.162400007247924805,59
87.07500483353387,53.78992268539202,3.765624049256531,0.0812000036239624023,62.5
87.15000305970743,54.028173824655354,3.56640816547152,0,46.5
87.15000128934581,54.33827660513811,3.3164094621070332,0.162400007247924805,51
87.15000049011516,54.29471799435502,3.6718732792889432,0.0812000036239624023,54.5
87.22500336912765,53.027988072814594,3.4375019127475532,0.0812000036239624023,50
87.30000294030927,53.46994924517089,2.12890595032821,0,49
87.30000279273231,53.41270122979173,2.800784869314264,0.162400007247924805,52.5
87.30000364805606,53.59287808365416,2.9687528279412216,0.0812000036239624023,57
87.37499763067038,53.76398145792362,3.4648431809229994,0,50
87.37499902217934,53.80762600270575,1.859373080293806,0.162400007247924805,53.5
87.37499643230107,53.61511665145469,3.2695340861035955,0.0812000036239624023,58
87.4500049804371,-20.77341336410397,7.187501274418143,0.243600010871887207,46.5
87.4500047136252,-20.745872482677733,6.58593948118193,0.162400007247924805,55
87.4500047136252,-20.499450750261403,6.58593948118193,0.0812000036239624023,51.5
87.52500426612139,-21.18011928847679,6.800782207018256,0.243600010871887207,48.5
87.52500218793169,-21.08219110260926,6.687503486798007,0.162400007247924805,56.5
87.5250011212734,-20.878870724487015,6.4531259740218365,0.0812000036239624023,53
87.6000049514608,-22.883708254292635,10.679688544309993,0.162400007247924805,48
87.7500002918025,52.826190859824464,7.964845027454222,0.0812000036239624023,45.5
87.8250045059875,52.056304318498555,1.429685841322313,0.162400007247924805,46
87.8250009970756,51.7229171223411,3.269534149056047,0.0812000036239624023,49.5
87.89999898478672,52.60298980119749,-0.8046876298133505,0.162400007247924805,45.5
87.9000022289738,52.7414044419913,1.1796872923039115,0.0812000036239624023,50.5
88.20000573559956,18.523973837711473,1.0585948211816951,0.243600010871887207,46
88.20000248897749,18.666058823402242,1.785156270879765,0.162400007247924805,54
88.20000474196847,54.352500880814404,4.269535426203766,0.0812000036239624023,52
88.27500419257639,53.91218236950209,5.964842632910175,0,47.5
88.275002650663,18.79791827146169,1.3203141117917347,0.243600010871887207,51.5
88.27500134487158,18.811490903815113,2.5117177734645613,0.162400007247924805,59.5
88.35000824583341,18.794291119447312,0.7226588277541361,0.243600010871887207,48.5
88.35000722506608,18.797918271461686,1.3203139939150546,0.162400007247924805,56.5
88.42500363767267,18.841670798186044,-4.054689600374384,0.162400007247924805,50
88.50000190945798,-18.546905119257644,5.441404439752417,0.162400007247924805,45
88.65000417442033,52.0001881462874,5.9648424505260484,0.0812000036239624023,49.5
88.72500648078844,52.33324004254079,8.066409771028605,0,46.5
88.72500546006005,52.555561931435406,7.164059988197057,0.162400007247924805,51.5
88.7250044014426,52.22717300975692,7.464840545060468,0.0812000036239624023,55
88.80000112826622,53.570904273966946,9.792972760434536,0.162400007247924805,45
88.80000357402855,53.874707295046896,11.0078110111553,0.0812000036239624023,49
89.10000563851418,52.714641698671166,5.664061600459588,0.0812000036239624023,48
89.17500408297504,51.88892249511513,5.062499407348029,0.0812000036239624023,48
89.25000271525296,53.137188069954554,5.964842750275199,0.0812000036239624023,46.5
89.32500766977752,53.677374552076095,5.49609320151892,0.0812000036239624023,48.5
89.47500655839355,-23.3629569281859,9.816406575938728,0.162400007247924805,50
89.47500806911387,-23.32985001157349,10.613285181631523,0.0812000036239624023,47
89.55000522701243,-23.464122534069,10.207032052778805,0.162400007247924805,51
89.62500350689024,51.92392595415027,5.363279912094933,0,47
89.62500190919664,51.74570054666874,3.5703149255448636,0.162400007247924805,52.5
89.6250014754747,51.82550060060989,4.4648441830089105,0.0812000036239624023,56
89.70000608838944,51.8255006006099,4.4648444614908795,0.0812000036239624023,53
89.85000512845976,54.698342555693536,8.753909198233263,0.0812000036239624023,45.5
90.0750042850068,-23.721329298871414,6.285158008857024,0.243600010871887207,47
90.07500325076172,-23.785280350108632,7.4882822594459055,0.162400007247924805,55
90.07500349998847,-24.114738210537023,8.69531264317344,0.0812000036239624023,52
90.15000191098478,-23.80306678720252,7.7890629149669905,0.243600010871887207,51.5
90.14999762140958,-23.821580093695434,8.089844523615364,0.162400007247924805,59
90.14999885788147,-23.840819856460797,8.39062539937213,0.0812000036239624023,55.5
90.22500436866423,-24.435136208773194,9.601563224724392,0.162400007247924805,51.5
90.22500468137534,-24.587640540054956,10.593750124708219,0.0812000036239624023,48
90.3000067587535,-21.36854502081898,8.996094083655976,0.162400007247924805,47
90.5250006216028,51.347124692946295,3.9140645834988006,0.162400007247924805,50.5
90.52500151529438,51.43296846125902,4.812500875918162,0.0812000036239624023,53.5
90.60000628926787,51.32270404693147,3.6171905796117225,0.162400007247924805,52.5
90.60000761884368,51.455200313092185,4.464844375781389,0.0812000036239624023,56
90.67500195022826,53.288705573908736,6.5078156469559305,0.0812000036239624023,48.5
91.05000640148255,52.64968535075378,2.175781438919718,0.0812000036239624023,49.5
91.12500062995251,52.34813566205759,4.660153495279915,0,49.5
91.1250004330393,52.592662182249384,3.484377655036635,0.162400007247924805,54
91.12500300665424,52.61731729877896,3.7812516447368623,0.0812000036239624023,57.5
91.20000549642289,52.3177901394057,4.363279468392413,0.162400007247924805,50
91.20000551646338,52.28384962990263,4.71874967476386,0.0812000036239624023,54
91.3500032446872,53.0279880728146,3.437501963628073,0.162400007247924805,46
91.35000771241832,53.25375236174245,3.5664081770913256,0.0812000036239624023,49.5
91.42500432809821,52.38096360111459,4.960941479436422,0.0812000036239624023,45
91.87500109199804,18.528719683280496,1.6562500143535108,0.162400007247924805,48.5
91.95000595511661,18.793278752523314,0.42578466213934746,0.162400007247924805,52
92.02500223816823,18.796118094842083,-1.0664067826110701,0.162400007247924805,50
92.92500208056143,18.65770360304495,0.5937526923728569,0.162400007247924805,49
94.05000456873798,7.757985937076749,2.7695298792833354,0.162400007247924805,46.5
94.80000119701258,7.042010951009895,-0.7929670378113414,0.162400007247924805,47.5
94.87499832113808,7.911236745553087,1.6679706266700387,0.162400007247924805,46.5
94.95000339745702,7.481815865893341,0.4296915368604704,0.162400007247924805,47
95.85000516997279,18.795827998541913,1.0195329846966708,0.162400007247924805,51
95.85000444465837,18.6631932405107,1.488282016090403,0.0812000036239624023,47.5
95.92500132818975,18.81625592339338,2.8124985432665683,0.162400007247924805,51
95.92500089731396,18.677843294871355,2.6796857601909916,0.0812000036239624023,47.5
96.22500411974754,18.70816457700433,4.17578422523727,0.162400007247924805,53
96.22500735404238,18.69445340080347,3.5781287336941294,0.0812000036239624023,49
96.30000609372225,18.276681416135066,3.4921910767706397,0.162400007247924805,52
96.4500059027205,5.817521812382014,1.0898429766689772,0.162400007247924805,45.5
